416,12,JAIPUR,North,90077,DPSAC LUBRICANTS,Dealers,CU1S03461,SHREE MARUTHI ASSOCIATES PVT LTD
401,36,NAGPUR,South,90076,DPSAC SPARES,Dealers,CU1P01781,PREMIER INDIA ENTERPRISES
401,32,PUNE,West,90076,DPSAC SPARES,Dealers,CU1P03301,POONA PNEUMATIC PRIVATE LIMITED
490,54,"SALEM,India",South,90076,DPSAC SPARES,Dealers,CRS000056,SS AGENCIES
490,53,COCHIN,South,90076,DPSAC SPARES,Dealers,CU1P00004,PREMIER TECHNO TRADES (P) LIMITED
490,54,"SALEM,India",South,90077,DPSAC LUBRICANTS,Dealers,CU1A01956,ADHI VINAYAGAR ENTERPRISES
490,43,BANGALORE,South,90076,DPSAC SPARES,Dealers,CU1M02190,M K AGENCIES
490,42,HYDERABAD,South,90076,DPSAC SPARES,Dealers,CU1A00851,AAR VEE PNEUMATIC SERVICES
490,32,PUNE,West,90076,DPSAC SPARES,Dealers,CU1P03301,POONA PNEUMATIC PRIVATE LIMITED
490,12,JAIPUR,North,90076,DPSAC SPARES,Dealers,CU1A00004,AUTO CARE CORPORATION
490,21,CALCUTTA,East,90076,DPSAC SPARES,Dealers,CU1P02029,PRIME POWER
490,33,AHEMEDABAD,West,90077,DPSAC LUBRICANTS,Dealers,CU1U00001,UNITRADE INDIA
490,43,BANGALORE,South,90076,DPSAC SPARES,Dealers,CU1J00559,JAI ENTERPRISES
490,42,HYDERABAD,South,90077,DPSAC LUBRICANTS,Others,CRA000455,AMARAVATHI PNEUMATIC SERVICES
490,42,HYDERABAD,South,90076,DPSAC SPARES,Others,CRA000455,AMARAVATHI PNEUMATIC SERVICES
490,51,COIMBATORE,South,90076,DPSAC SPARES,Others,CU1P00944,PARANTHAMAN EXPORTERS
490,21,CALCUTTA,East,90077,DPSAC LUBRICANTS,Others,CRD000101,DRILLMAN
401,51,COIMBATORE,South,90076,DPSAC SPARES,Others,CU1R00782,REVATHI EQUIPMENT LIMITED
490,21,CALCUTTA,East,90077,DPSAC LUBRICANTS,Others,CU1D01656,DRILLMAN
490,51,COIMBATORE,South,90076,DPSAC SPARES,Others,CU1R00782,REVATHI EQUIPMENT LIMITED
