0,
1,MANUFACTURER(GENERAL)
3,MANUFACTURER(GENERAL)
9,MANUFACTURER(GENERAL)
20,MANUFACTURER(GENERAL)
22,MANUFACTURER(GENERAL)
25,MANUFACTURER(GENERAL)
28,MANUFACTURER(GENERAL)
29,MANUFACTURER(GENERAL)
30,MANUFACTURER(GENERAL)
32,TRADERS
34,MANUFACTURER(GENERAL)
35,TRADERS
36,TRADERS
37,TRADERS
38,TRADERS
39,TRADERS
40,TRADERS
41,MANUFACTURER(GENERAL)
42,TRADERS
43,MANUFACTURER(GENERAL)
44,TRADERS
45,TRADERS
49,MANUFACTURER(GENERAL)
50,TRADERS
51,TRADERS
52,MISCELLANEOUS
55,TRADERS
56,TRADERS
57,TRADERS
59,MANUFACTURER(GENERAL)
60,MANUFACTURER(GENERAL)
61,MANUFACTURER(GENERAL)
62,SCRAP MERCHANT
63,SCRAP MERCHANT
64,SCRAP MERCHANT
65,SCRAP MERCHANT
66,SCRAP MERCHANT
67,SCRAP MERCHANT
69,MISCELLANEOUS
70,MISCELLANEOUS
71,SCRAP MERCHANT
72,SCRAP MERCHANT
73,MANUFACTURER(GENERAL)
74,SCRAP MERCHANT
75,MANUFACTURER(GENERAL)
76,SCRAP MERCHANT
77,MANUFACTURER(GENERAL)
78,MANUFACTURER(GENERAL)
79,SCRAP MERCHANT
80,MANUFACTURER(GENERAL)
81,MANUFACTURER(GENERAL)
82,SCRAP MERCHANT
83,MISCELLANEOUS
84,SCRAP MERCHANT
86,SCRAP MERCHANT
87,SCRAP MERCHANT
88,SCRAP MERCHANT
89,SCRAP MERCHANT
90,MANUFACTURER(GENERAL)
91,SCRAP MERCHANT
92,SCRAP MERCHANT
93,SCRAP MERCHANT
94,SCRAP MERCHANT
95,SCRAP MERCHANT
96,SCRAP MERCHANT
97,SCRAP MERCHANT
98,MANUFACTURER(GENERAL)
99,SCRAP MERCHANT
100,SCRAP MERCHANT
101,MANUFACTURER(GENERAL)
102,MANUFACTURER(GENERAL)
103,SCRAP MERCHANT
105,SCRAP MERCHANT
106,MANUFACTURER(GENERAL)
107,SCRAP MERCHANT
108,SCRAP MERCHANT
109,SCRAP MERCHANT
110,SCRAP MERCHANT
112,MANUFACTURER(GENERAL)
113,SCRAP MERCHANT
114,MANUFACTURER(GENERAL)
115,MANUFACTURER(GENERAL)
116,MANUFACTURER(GENERAL)
118,SCRAP MERCHANT
119,MANUFACTURER(GENERAL)
120,MANUFACTURER(GENERAL)
122,SCRAP MERCHANT
124,MISCELLANEOUS
126,MANUFACTURER(GENERAL)
129,MANUFACTURER(GENERAL)
134,MISCELLANEOUS
135,MISCELLANEOUS
137,MISCELLANEOUS
140,SCRAP MERCHANT
141,MISCELLANEOUS
142,MANUFACTURER(GENERAL)
143,SCRAP MERCHANT
144,MISCELLANEOUS
147,MISCELLANEOUS
148,SCRAP MERCHANT
151,MISCELLANEOUS
155,SCRAP MERCHANT
160,MISCELLANEOUS
161,SCRAP MERCHANT
162,SCRAP MERCHANT
165,SCRAP MERCHANT
166,SCRAP MERCHANT
168,MANUFACTURER(GENERAL)
170,MANUFACTURER(GENERAL)
174,MANUFACTURER(GENERAL)
177,SCRAP MERCHANT
178,SCRAP MERCHANT
179,SCRAP MERCHANT
182,MANUFACTURER(GENERAL)
184,MANUFACTURER(GENERAL)
192,SCRAP MERCHANT
195,DEALERS
196,MANUFACTURER(GENERAL)
201,SCRAP MERCHANT
202,MISCELLANEOUS
203,MISCELLANEOUS
204,MISCELLANEOUS
207,MANUFACTURER(GENERAL)
209,SCRAP MERCHANT
210,MANUFACTURER(GENERAL)
211,SCRAP MERCHANT
212,MANUFACTURER(GENERAL)
220,MANUFACTURER(GENERAL)
225,SCRAP MERCHANT
226,MANUFACTURER(GENERAL)
239,MANUFACTURER(GENERAL)
241,MANUFACTURER(GENERAL)
242,MANUFACTURER(GENERAL)
243,TRADERS
244,TRADERS
245,TRADERS
246,TRADERS
248,MANUFACTURER(GENERAL)
249,MANUFACTURER(GENERAL)
250,TRADERS
251,TRADERS
254,MANUFACTURER(GENERAL)
256,TRADERS
261,TRADERS
262,MANUFACTURER(GENERAL)
263,TRADERS
264,TRADERS
266,TRADERS
267,MISCELLANEOUS
268,MISCELLANEOUS
269,MANUFACTURER(GENERAL)
270,MISCELLANEOUS
271,MANUFACTURER(GENERAL)
274,MANUFACTURER(GENERAL)
275,MANUFACTURER(GENERAL)
276,MANUFACTURER(GENERAL)
277,MANUFACTURER(GENERAL)
278,SCRAP MERCHANT
279,SCRAP MERCHANT
280,SCRAP MERCHANT
282,SCRAP MERCHANT
283,SCRAP MERCHANT
284,MISCELLANEOUS
285,MISCELLANEOUS
286,SCRAP MERCHANT
287,SCRAP MERCHANT
288,MANUFACTURER(GENERAL)
289,SCRAP MERCHANT
291,MANUFACTURER(GENERAL)
292,SCRAP MERCHANT
293,SCRAP MERCHANT
294,SCRAP MERCHANT
295,MANUFACTURER(GENERAL)
296,MANUFACTURER(GENERAL)
297,SCRAP MERCHANT
298,SCRAP MERCHANT
299,MANUFACTURER(GENERAL)
300,SCRAP MERCHANT
301,MANUFACTURER(GENERAL)
302,MANUFACTURER(GENERAL)
303,SCRAP MERCHANT
304,MANUFACTURER(GENERAL)
305,SCRAP MERCHANT
306,SCRAP MERCHANT
307,SCRAP MERCHANT
308,MANUFACTURER(GENERAL)
309,MANUFACTURER(GENERAL)
310,MANUFACTURER(GENERAL)
311,MANUFACTURER(GENERAL)
312,SCRAP MERCHANT
313,MANUFACTURER(GENERAL)
314,MANUFACTURER(GENERAL)
315,SCRAP MERCHANT
316,SCRAP MERCHANT
317,MANUFACTURER(GENERAL)
318,SCRAP MERCHANT
319,MANUFACTURER(GENERAL)
320,SCRAP MERCHANT
321,SCRAP MERCHANT
322,MISCELLANEOUS
323,SCRAP MERCHANT
324,SCRAP MERCHANT
326,SCRAP MERCHANT
327,SCRAP MERCHANT
328,MANUFACTURER(GENERAL)
329,SCRAP MERCHANT
330,SCRAP MERCHANT
331,MANUFACTURER(GENERAL)
332,MISCELLANEOUS
333,MISCELLANEOUS
334,SCRAP MERCHANT
335,MANUFACTURER(GENERAL)
336,MISCELLANEOUS
344,SCRAP MERCHANT
345,MANUFACTURER(GENERAL)
348,SCRAP MERCHANT
350,MANUFACTURER(GENERAL)
352,SCRAP MERCHANT
353,SCRAP MERCHANT
354,MISCELLANEOUS
355,MISCELLANEOUS
356,MISCELLANEOUS
357,MISCELLANEOUS
358,MISCELLANEOUS
359,MISCELLANEOUS
360,MISCELLANEOUS
361,SCRAP MERCHANT
363,SCRAP MERCHANT
364,SCRAP MERCHANT
365,SCRAP MERCHANT
368,MISCELLANEOUS
369,MISCELLANEOUS
373,MISCELLANEOUS
374,MANUFACTURER(GENERAL)
377,MANUFACTURER(GENERAL)
378,MANUFACTURER(GENERAL)
379,MISCELLANEOUS
380,MANUFACTURER(GENERAL)
383,SCRAP MERCHANT
384,MANUFACTURER(GENERAL)
386,MANUFACTURER(GENERAL)
391,SCRAP MERCHANT
393,DEALERS
395,SCRAP MERCHANT
400,SCRAP MERCHANT
401,SCRAP MERCHANT
402,SCRAP MERCHANT
403,MANUFACTURER(GENERAL)
405,SCRAP MERCHANT
406,MANUFACTURER(GENERAL)
407,MANUFACTURER(GENERAL)
409,SCRAP MERCHANT
410,DEALERS
421,SCRAP MERCHANT
425,SCRAP MERCHANT
427,SCRAP MERCHANT
432,MANUFACTURER(GENERAL)
433,MANUFACTURER(GENERAL)
435,SCRAP MERCHANT
437,MANUFACTURER(GENERAL)
440,MANUFACTURER(GENERAL)
441,SCRAP MERCHANT
442,MANUFACTURER(GENERAL)
444,MISCELLANEOUS
446,MANUFACTURER(GENERAL)
449,MANUFACTURER(GENERAL)
450,MANUFACTURER(GENERAL)
453,MANUFACTURER(GENERAL)
457,MANUFACTURER(GENERAL)
460,MANUFACTURER(GENERAL)
461,TRADERS
462,TRADERS
463,TRADERS
464,TRADERS
465,MANUFACTURER(GENERAL)
466,TRADERS
467,TRADERS
468,MANUFACTURER(GENERAL)
469,TRADERS
473,TRADERS
474,TRADERS
475,TRADERS
477,MANUFACTURER(GENERAL)
478,MANUFACTURER(GENERAL)
480,TRADERS
481,MANUFACTURER(GENERAL)
482,TRADERS
483,TRADERS
484,TRADERS
487,TRADERS
489,TRADERS
490,TRADERS
491,MANUFACTURER(GENERAL)
494,TRADERS
495,TRADERS
496,MANUFACTURER(GENERAL)
499,MANUFACTURER(GENERAL)
501,SCRAP MERCHANT
502,SCRAP MERCHANT
503,SCRAP MERCHANT
504,SCRAP MERCHANT
505,MANUFACTURER(GENERAL)
506,MANUFACTURER(GENERAL)
507,MANUFACTURER(GENERAL)
510,SCRAP MERCHANT
511,SCRAP MERCHANT
512,SCRAP MERCHANT
513,SCRAP MERCHANT
514,SCRAP MERCHANT
515,MANUFACTURER(GENERAL)
516,SCRAP MERCHANT
517,MISCELLANEOUS
519,SCRAP MERCHANT
520,SCRAP MERCHANT
521,SCRAP MERCHANT
522,MANUFACTURER(GENERAL)
523,MANUFACTURER(GENERAL)
524,SCRAP MERCHANT
526,MANUFACTURER(GENERAL)
527,SCRAP MERCHANT
528,MANUFACTURER(GENERAL)
530,SCRAP MERCHANT
531,MANUFACTURER(GENERAL)
532,SCRAP MERCHANT
533,SCRAP MERCHANT
534,SCRAP MERCHANT
535,SCRAP MERCHANT
536,SCRAP MERCHANT
537,MANUFACTURER(GENERAL)
538,SCRAP MERCHANT
540,SCRAP MERCHANT
541,SCRAP MERCHANT
542,SCRAP MERCHANT
543,MANUFACTURER(GENERAL)
544,MANUFACTURER(GENERAL)
545,SCRAP MERCHANT
546,SCRAP MERCHANT
547,SCRAP MERCHANT
548,MISCELLANEOUS
549,SCRAP MERCHANT
550,SCRAP MERCHANT
551,SCRAP MERCHANT
552,MANUFACTURER(GENERAL)
553,SCRAP MERCHANT
554,MANUFACTURER(GENERAL)
555,TRADERS
557,SCRAP MERCHANT
558,SCRAP MERCHANT
560,SCRAP MERCHANT
561,MANUFACTURER(GENERAL)
562,MANUFACTURER(GENERAL)
563,SCRAP MERCHANT
564,SCRAP MERCHANT
565,SCRAP MERCHANT
566,SCRAP MERCHANT
567,MANUFACTURER(GENERAL)
568,SCRAP MERCHANT
569,SCRAP MERCHANT
570,MISCELLANEOUS
572,MISCELLANEOUS
573,MANUFACTURER(GENERAL)
578,SCRAP MERCHANT
579,SCRAP MERCHANT
580,SCRAP MERCHANT
581,SCRAP MERCHANT
586,MISCELLANEOUS
592,MISCELLANEOUS
593,MISCELLANEOUS
594,SCRAP MERCHANT
598,MANUFACTURER(GENERAL)
599,MANUFACTURER(GENERAL)
601,SCRAP MERCHANT
602,MISCELLANEOUS
603,MANUFACTURER(GENERAL)
604,MISCELLANEOUS
610,SCRAP MERCHANT
614,MANUFACTURER(GENERAL)
616,MANUFACTURER(GENERAL)
621,SCRAP MERCHANT
623,MANUFACTURER(GENERAL)
624,MANUFACTURER(GENERAL)
627,MANUFACTURER(GENERAL)
629,MISCELLANEOUS
630,MISCELLANEOUS
631,MISCELLANEOUS
634,SCRAP MERCHANT
639,SCRAP MERCHANT
643,MISCELLANEOUS
644,MANUFACTURER(GENERAL)
645,DEALERS
646,DEALERS
648,MANUFACTURER(GENERAL)
649,MISCELLANEOUS
650,MISCELLANEOUS
652,SCRAP MERCHANT
653,SCRAP MERCHANT
654,DEALERS
662,MANUFACTURER(GENERAL)
666,MANUFACTURER(GENERAL)
667,MANUFACTURER(GENERAL)
668,SCRAP MERCHANT
670,SCRAP MERCHANT
671,SCRAP MERCHANT
672,SCRAP MERCHANT
673,SCRAP MERCHANT
677,SCRAP MERCHANT
678,MANUFACTURER(GENERAL)
683,MANUFACTURER(GENERAL)
687,MANUFACTURER(GENERAL)
690,MANUFACTURER(GENERAL)
693,MANUFACTURER(GENERAL)
695,MANUFACTURER(GENERAL)
700,MANUFACTURER(GENERAL)
702,MANUFACTURER(GENERAL)
703,TRADERS
704,TRADERS
705,TRADERS
706,TRADERS
707,TRADERS
708,TRADERS
709,MANUFACTURER(GENERAL)
710,MANUFACTURER(GENERAL)
711,MANUFACTURER(GENERAL)
713,TRADERS
714,MANUFACTURER(GENERAL)
715,MANUFACTURER(GENERAL)
720,MANUFACTURER(GENERAL)
721,DEALERS
722,MANUFACTURER(GENERAL)
723,MANUFACTURER(GENERAL)
724,MANUFACTURER(GENERAL)
726,TRADERS
727,TRADERS
728,MANUFACTURER(GENERAL)
731,TRADERS
732,TRADERS
733,TRADERS
734,TRADERS
735,TRADERS
736,MISCELLANEOUS
737,MISCELLANEOUS
738,TRADERS
739,TRADERS
740,MANUFACTURER(GENERAL)
741,MANUFACTURER(GENERAL)
743,SCRAP MERCHANT
744,MANUFACTURER(GENERAL)
745,SCRAP MERCHANT
746,SCRAP MERCHANT
747,SCRAP MERCHANT
748,SCRAP MERCHANT
749,MANUFACTURER(GENERAL)
750,MANUFACTURER(GENERAL)
751,SCRAP MERCHANT
752,SCRAP MERCHANT
753,MANUFACTURER(GENERAL)
754,MANUFACTURER(GENERAL)
755,MANUFACTURER(GENERAL)
756,MINING
757,SCRAP MERCHANT
758,SCRAP MERCHANT
759,SCRAP MERCHANT
760,SCRAP MERCHANT
761,SCRAP MERCHANT
762,SCRAP MERCHANT
763,SCRAP MERCHANT
764,MANUFACTURER(GENERAL)
765,SCRAP MERCHANT
766,SCRAP MERCHANT
767,SCRAP MERCHANT
768,MANUFACTURER(GENERAL)
769,MISCELLANEOUS
770,SCRAP MERCHANT
771,SCRAP MERCHANT
772,MANUFACTURER(GENERAL)
773,MISCELLANEOUS
774,SCRAP MERCHANT
775,MANUFACTURER(GENERAL)
776,SCRAP MERCHANT
778,MANUFACTURER(GENERAL)
779,MANUFACTURER(GENERAL)
780,SCRAP MERCHANT
783,MANUFACTURER(GENERAL)
784,MANUFACTURER(GENERAL)
786,MANUFACTURER(GENERAL)
787,SCRAP MERCHANT
788,SCRAP MERCHANT
790,SCRAP MERCHANT
791,MANUFACTURER(GENERAL)
792,MISCELLANEOUS
793,SCRAP MERCHANT
794,SCRAP MERCHANT
796,SCRAP MERCHANT
797,MANUFACTURER(GENERAL)
798,SCRAP MERCHANT
799,SCRAP MERCHANT
800,SCRAP MERCHANT
801,SCRAP MERCHANT
802,SCRAP MERCHANT
803,MANUFACTURER(GENERAL)
804,MISCELLANEOUS
806,SCRAP MERCHANT
807,SCRAP MERCHANT
810,SCRAP MERCHANT
814,MANUFACTURER(GENERAL)
815,SCRAP MERCHANT
816,SCRAP MERCHANT
817,SCRAP MERCHANT
819,MISCELLANEOUS
820,MISCELLANEOUS
821,MISCELLANEOUS
822,MISCELLANEOUS
825,SCRAP MERCHANT
830,MANUFACTURER(GENERAL)
831,MANUFACTURER(GENERAL)
832,TRADERS
834,MANUFACTURER(GENERAL)
835,MANUFACTURER(GENERAL)
836,MANUFACTURER(GENERAL)
839,SCRAP MERCHANT
841,SCRAP MERCHANT
844,SCRAP MERCHANT
846,SCRAP MERCHANT
848,SCRAP MERCHANT
851,MANUFACTURER(GENERAL)
855,MISCELLANEOUS
857,MANUFACTURER(GENERAL)
858,MANUFACTURER(GENERAL)
861,TRADERS
862,DEALERS
871,DEALERS
873,MISCELLANEOUS
874,MISCELLANEOUS
875,MISCELLANEOUS
876,MISCELLANEOUS
880,SCRAP MERCHANT
881,SCRAP MERCHANT
883,DEALERS
885,MISCELLANEOUS
888,MANUFACTURER(GENERAL)
889,MANUFACTURER(GENERAL)
892,MANUFACTURER(GENERAL)
893,MANUFACTURER(GENERAL)
897,MANUFACTURER(GENERAL)
901,MANUFACTURER(GENERAL)
904,MANUFACTURER(GENERAL)
907,MANUFACTURER(GENERAL)
908,TRADERS
909,TRADERS
911,MANUFACTURER(GENERAL)
912,MANUFACTURER(GENERAL)
914,TRADERS
915,MANUFACTURER(GENERAL)
919,DEALERS
921,MANUFACTURER(GENERAL)
922,MANUFACTURER(GENERAL)
923,MANUFACTURER(GENERAL)
924,TRADERS
925,TRADERS
927,MANUFACTURER(GENERAL)
928,MANUFACTURER(GENERAL)
929,MANUFACTURER(GENERAL)
930,MANUFACTURER(GENERAL)
931,MANUFACTURER(GENERAL)
932,MANUFACTURER(GENERAL)
935,TRADERS
936,MANUFACTURER(GENERAL)
938,SCRAP MERCHANT
939,SCRAP MERCHANT
940,MANUFACTURER(GENERAL)
941,SCRAP MERCHANT
942,SCRAP MERCHANT
943,MANUFACTURER(GENERAL)
945,SCRAP MERCHANT
946,SCRAP MERCHANT
947,SCRAP MERCHANT
948,SCRAP MERCHANT
949,SCRAP MERCHANT
950,SCRAP MERCHANT
951,SCRAP MERCHANT
952,MANUFACTURER(GENERAL)
953,MANUFACTURER(GENERAL)
954,SCRAP MERCHANT
955,SCRAP MERCHANT
956,MANUFACTURER(GENERAL)
957,SCRAP MERCHANT
958,SCRAP MERCHANT
960,MANUFACTURER(GENERAL)
961,MANUFACTURER(GENERAL)
962,SCRAP MERCHANT
963,MANUFACTURER(GENERAL)
964,SCRAP MERCHANT
965,SCRAP MERCHANT
966,SCRAP MERCHANT
967,SCRAP MERCHANT
968,SCRAP MERCHANT
969,MANUFACTURER(GENERAL)
970,MANUFACTURER(GENERAL)
971,SCRAP MERCHANT
972,DEALERS
973,MANUFACTURER(GENERAL)
974,SCRAP MERCHANT
975,MANUFACTURER(GENERAL)
976,SCRAP MERCHANT
977,SCRAP MERCHANT
978,SCRAP MERCHANT
979,SCRAP MERCHANT
980,SCRAP MERCHANT
981,MISCELLANEOUS
982,MISCELLANEOUS
983,MISCELLANEOUS
984,SCRAP MERCHANT
985,SCRAP MERCHANT
986,MANUFACTURER(GENERAL)
987,SCRAP MERCHANT
988,MANUFACTURER(GENERAL)
989,MANUFACTURER(GENERAL)
990,MANUFACTURER(GENERAL)
991,SCRAP MERCHANT
992,MANUFACTURER(GENERAL)
993,SCRAP MERCHANT
994,SCRAP MERCHANT
995,MANUFACTURER(GENERAL)
997,MANUFACTURER(GENERAL)
1000,SCRAP MERCHANT
1001,MANUFACTURER(GENERAL)
1002,MANUFACTURER(GENERAL)
1004,MANUFACTURER(GENERAL)
1006,MANUFACTURER(GENERAL)
1007,MANUFACTURER(GENERAL)
1011,SCRAP MERCHANT
1012,SCRAP MERCHANT
1013,MISCELLANEOUS
1014,SCRAP MERCHANT
1016,SCRAP MERCHANT
1019,MANUFACTURER(GENERAL)
1020,SCRAP MERCHANT
1025,SCRAP MERCHANT
1026,MANUFACTURER(GENERAL)
1031,MANUFACTURER(GENERAL)
1035,SCRAP MERCHANT
1040,SCRAP MERCHANT
1041,MANUFACTURER(GENERAL)
1042,MANUFACTURER(GENERAL)
1045,MANUFACTURER(GENERAL)
1046,MANUFACTURER(GENERAL)
1048,MANUFACTURER(GENERAL)
1055,MANUFACTURER(GENERAL)
1066,DEALERS
1067,MISCELLANEOUS
1074,SCRAP MERCHANT
1075,DEALERS
1077,MANUFACTURER(GENERAL)
1078,SCRAP MERCHANT
1079,SCRAP MERCHANT
1080,MISCELLANEOUS
1082,MANUFACTURER(GENERAL)
1083,MANUFACTURER(GENERAL)
1084,MANUFACTURER(GENERAL)
1086,SCRAP MERCHANT
1089,MANUFACTURER(GENERAL)
1090,MANUFACTURER(GENERAL)
1091,MANUFACTURER(GENERAL)
1092,MANUFACTURER(GENERAL)
1095,MANUFACTURER(GENERAL)
1101,MANUFACTURER(GENERAL)
1104,MANUFACTURER(GENERAL)
1108,MANUFACTURER(GENERAL)
1109,TRADERS
1111,MANUFACTURER(GENERAL)
1112,MANUFACTURER(GENERAL)
1113,MANUFACTURER(GENERAL)
1114,MANUFACTURER(GENERAL)
1115,MANUFACTURER(GENERAL)
1117,MANUFACTURER(GENERAL)
1118,TRADERS
1119,TRADERS
1120,TRADERS
1121,DEALERS
1124,TRADERS
1126,MANUFACTURER(GENERAL)
1128,TRADERS
1130,MISCELLANEOUS
1131,TRADERS
1132,MANUFACTURER(GENERAL)
1137,TRADERS
1138,MANUFACTURER(GENERAL)
1139,SCRAP MERCHANT
1140,MANUFACTURER(GENERAL)
1141,MANUFACTURER(GENERAL)
1142,MANUFACTURER(GENERAL)
1143,MANUFACTURER(GENERAL)
1144,SCRAP MERCHANT
1145,SCRAP MERCHANT
1146,SCRAP MERCHANT
1147,SCRAP MERCHANT
1148,MISCELLANEOUS
1149,SCRAP MERCHANT
1150,SCRAP MERCHANT
1151,MANUFACTURER(GENERAL)
1152,SCRAP MERCHANT
1153,SCRAP MERCHANT
1154,SCRAP MERCHANT
1155,SCRAP MERCHANT
1156,SCRAP MERCHANT
1157,MANUFACTURER(GENERAL)
1158,MANUFACTURER(GENERAL)
1159,MANUFACTURER(GENERAL)
1160,SCRAP MERCHANT
1161,SCRAP MERCHANT
1162,SCRAP MERCHANT
1163,SCRAP MERCHANT
1164,MISCELLANEOUS
1165,MISCELLANEOUS
1166,MANUFACTURER(GENERAL)
1168,SCRAP MERCHANT
1169,SCRAP MERCHANT
1170,SCRAP MERCHANT
1171,SCRAP MERCHANT
1172,SCRAP MERCHANT
1173,SCRAP MERCHANT
1174,SCRAP MERCHANT
1175,MISCELLANEOUS
1176,SCRAP MERCHANT
1177,SCRAP MERCHANT
1179,SCRAP MERCHANT
1180,DEALERS
1181,MANUFACTURER(GENERAL)
1182,MANUFACTURER(GENERAL)
1183,SCRAP MERCHANT
1184,SCRAP MERCHANT
1185,MISCELLANEOUS
1186,SCRAP MERCHANT
1187,MANUFACTURER(GENERAL)
1188,MANUFACTURER(GENERAL)
1189,MANUFACTURER(GENERAL)
1190,SCRAP MERCHANT
1191,SCRAP MERCHANT
1192,SCRAP MERCHANT
1193,MANUFACTURER(GENERAL)
1194,SCRAP MERCHANT
1195,SCRAP MERCHANT
1196,SCRAP MERCHANT
1197,MANUFACTURER(GENERAL)
1198,SCRAP MERCHANT
1199,SCRAP MERCHANT
1200,MANUFACTURER(GENERAL)
1201,MANUFACTURER(GENERAL)
1202,SCRAP MERCHANT
1203,SCRAP MERCHANT
1204,MANUFACTURER(GENERAL)
1205,SCRAP MERCHANT
1206,SCRAP MERCHANT
1207,SCRAP MERCHANT
1208,SCRAP MERCHANT
1209,SCRAP MERCHANT
1210,SCRAP MERCHANT
1211,SCRAP MERCHANT
1212,MANUFACTURER(GENERAL)
1213,SCRAP MERCHANT
1218,MANUFACTURER(GENERAL)
1219,MANUFACTURER(GENERAL)
1220,SCRAP MERCHANT
1221,SCRAP MERCHANT
1222,SCRAP MERCHANT
1223,SCRAP MERCHANT
1225,DEALERS
1229,SCRAP MERCHANT
1231,SCRAP MERCHANT
1232,MISCELLANEOUS
1233,MISCELLANEOUS
1235,MANUFACTURER(GENERAL)
1237,MISCELLANEOUS
1241,SCRAP MERCHANT
1242,SCRAP MERCHANT
1243,MISCELLANEOUS
1248,MANUFACTURER(GENERAL)
1249,MANUFACTURER(GENERAL)
1250,MISCELLANEOUS
1251,MISCELLANEOUS
1252,MISCELLANEOUS
1256,SCRAP MERCHANT
1258,SCRAP MERCHANT
1259,MANUFACTURER(GENERAL)
1263,SCRAP MERCHANT
1265,SCRAP MERCHANT
1266,SCRAP MERCHANT
1267,MANUFACTURER(GENERAL)
1269,SCRAP MERCHANT
1271,SCRAP MERCHANT
1276,SCRAP MERCHANT
1278,SCRAP MERCHANT
1279,MANUFACTURER(GENERAL)
1280,MANUFACTURER(GENERAL)
1283,MANUFACTURER(GENERAL)
1289,MISCELLANEOUS
1290,MISCELLANEOUS
1291,MISCELLANEOUS
1292,SCRAP MERCHANT
1293,MISCELLANEOUS
1300,SCRAP MERCHANT
1302,MANUFACTURER(GENERAL)
1304,SCRAP MERCHANT
1306,SCRAP MERCHANT
1309,MANUFACTURER(GENERAL)
1310,SCRAP MERCHANT
1312,MANUFACTURER(GENERAL)
1313,SCRAP MERCHANT
1317,MANUFACTURER(GENERAL)
1322,SCRAP MERCHANT
1324,MANUFACTURER(GENERAL)
1330,MANUFACTURER(GENERAL)
1331,MANUFACTURER(GENERAL)
1335,MANUFACTURER(GENERAL)
1336,MANUFACTURER(GENERAL)
1337,MANUFACTURER(GENERAL)
1340,MANUFACTURER(GENERAL)
1341,MANUFACTURER(GENERAL)
1343,MANUFACTURER(GENERAL)
1347,MANUFACTURER(GENERAL)
1348,MANUFACTURER(GENERAL)
1349,MANUFACTURER(GENERAL)
1351,MANUFACTURER(GENERAL)
1353,TRADERS
1357,MANUFACTURER(GENERAL)
1358,TRADERS
1359,TRADERS
1360,MANUFACTURER(GENERAL)
1362,MANUFACTURER(GENERAL)
1363,TRADERS
1367,MANUFACTURER(GENERAL)
1368,TRADERS
1369,TRADERS
1370,MANUFACTURER(GENERAL)
1371,TRADERS
1372,MANUFACTURER(GENERAL)
1373,MANUFACTURER(GENERAL)
1375,TRADERS
1376,MISCELLANEOUS
1377,TRADERS
1378,TRADERS
1380,MANUFACTURER(GENERAL)
1381,MISCELLANEOUS
1383,TRADERS
1384,TRADERS
1385,MANUFACTURER(GENERAL)
1386,MANUFACTURER(GENERAL)
1388,MANUFACTURER(GENERAL)
1390,MANUFACTURER(GENERAL)
1391,MANUFACTURER(GENERAL)
1392,MANUFACTURER(GENERAL)
1393,SCRAP MERCHANT
1394,SCRAP MERCHANT
1395,SCRAP MERCHANT
1396,MANUFACTURER(GENERAL)
1397,SCRAP MERCHANT
1398,MANUFACTURER(GENERAL)
1399,SCRAP MERCHANT
1400,MISCELLANEOUS
1401,MISCELLANEOUS
1402,SCRAP MERCHANT
1403,SCRAP MERCHANT
1404,SCRAP MERCHANT
1406,SCRAP MERCHANT
1407,SCRAP MERCHANT
1408,MANUFACTURER(GENERAL)
1409,MANUFACTURER(GENERAL)
1410,SCRAP MERCHANT
1411,MANUFACTURER(GENERAL)
1412,SCRAP MERCHANT
1413,SCRAP MERCHANT
1414,SCRAP MERCHANT
1415,SCRAP MERCHANT
1416,SCRAP MERCHANT
1417,SCRAP MERCHANT
1418,MISCELLANEOUS
1419,MANUFACTURER(GENERAL)
1420,SCRAP MERCHANT
1421,MANUFACTURER(GENERAL)
1422,MANUFACTURER(GENERAL)
1423,MANUFACTURER(GENERAL)
1424,MANUFACTURER(GENERAL)
1425,MANUFACTURER(GENERAL)
1426,SCRAP MERCHANT
1427,SCRAP MERCHANT
1428,SCRAP MERCHANT
1429,MANUFACTURER(GENERAL)
1430,SCRAP MERCHANT
1431,SCRAP MERCHANT
1432,SCRAP MERCHANT
1433,SCRAP MERCHANT
1434,MANUFACTURER(GENERAL)
1435,SCRAP MERCHANT
1436,SCRAP MERCHANT
1437,SCRAP MERCHANT
1438,MANUFACTURER(GENERAL)
1439,MANUFACTURER(GENERAL)
1440,MANUFACTURER(GENERAL)
1441,SCRAP MERCHANT
1442,SCRAP MERCHANT
1443,MANUFACTURER(GENERAL)
1444,MANUFACTURER(GENERAL)
1445,SCRAP MERCHANT
1446,SCRAP MERCHANT
1447,SCRAP MERCHANT
1448,MANUFACTURER(GENERAL)
1449,MANUFACTURER(GENERAL)
1450,SCRAP MERCHANT
1451,SCRAP MERCHANT
1452,MISCELLANEOUS
1453,MANUFACTURER(GENERAL)
1454,MANUFACTURER(GENERAL)
1455,MISCELLANEOUS
1456,MISCELLANEOUS
1457,SCRAP MERCHANT
1462,SCRAP MERCHANT
1463,MANUFACTURER(GENERAL)
1465,MANUFACTURER(GENERAL)
1473,SCRAP MERCHANT
1474,SCRAP MERCHANT
1475,MANUFACTURER(GENERAL)
1477,MISCELLANEOUS
1478,MANUFACTURER(GENERAL)
1479,SCRAP MERCHANT
1480,SCRAP MERCHANT
1481,MISCELLANEOUS
1482,MISCELLANEOUS
1483,SCRAP MERCHANT
1485,MISCELLANEOUS
1490,MISCELLANEOUS
1491,SCRAP MERCHANT
1493,MISCELLANEOUS
1497,SCRAP MERCHANT
1498,SCRAP MERCHANT
1502,MANUFACTURER(GENERAL)
1504,SCRAP MERCHANT
1512,MANUFACTURER(GENERAL)
1513,MANUFACTURER(GENERAL)
1517,MANUFACTURER(GENERAL)
1518,MANUFACTURER(GENERAL)
1520,DEALERS
1522,SCRAP MERCHANT
1526,MISCELLANEOUS
1527,MISCELLANEOUS
1528,SCRAP MERCHANT
1530,MANUFACTURER(GENERAL)
1534,MANUFACTURER(GENERAL)
1535,MANUFACTURER(GENERAL)
1536,SCRAP MERCHANT
1537,MISCELLANEOUS
1538,MANUFACTURER(GENERAL)
1541,SCRAP MERCHANT
1543,SCRAP MERCHANT
1547,MANUFACTURER(GENERAL)
1548,MANUFACTURER(GENERAL)
1553,MANUFACTURER(GENERAL)
1554,MANUFACTURER(GENERAL)
1559,MANUFACTURER(GENERAL)
1566,MANUFACTURER(GENERAL)
1572,MANUFACTURER(GENERAL)
1577,MANUFACTURER(GENERAL)
1578,MANUFACTURER(GENERAL)
1581,TRADERS
1582,TRADERS
1583,MANUFACTURER(GENERAL)
1584,MANUFACTURER(GENERAL)
1585,MANUFACTURER(GENERAL)
1586,TRADERS
1588,MANUFACTURER(GENERAL)
1591,TRADERS
1592,MANUFACTURER(GENERAL)
1593,TRADERS
1594,MANUFACTURER(GENERAL)
1595,MANUFACTURER(GENERAL)
1596,TRADERS
1597,TRADERS
1598,TRADERS
1600,MANUFACTURER(GENERAL)
1601,MISCELLANEOUS
1602,TRADERS
1603,TRADERS
1604,MANUFACTURER(GENERAL)
1605,MANUFACTURER(GENERAL)
1607,MISCELLANEOUS
1608,MANUFACTURER(GENERAL)
1609,TRADERS
1610,MANUFACTURER(GENERAL)
1611,TRADERS
1612,TRADERS
1617,SCRAP MERCHANT
1618,SCRAP MERCHANT
1619,MANUFACTURER(GENERAL)
1620,SCRAP MERCHANT
1621,SCRAP MERCHANT
1622,MANUFACTURER(GENERAL)
1623,SCRAP MERCHANT
1624,SCRAP MERCHANT
1626,MANUFACTURER(GENERAL)
1627,SCRAP MERCHANT
1628,SCRAP MERCHANT
1629,SCRAP MERCHANT
1630,SCRAP MERCHANT
1631,SCRAP MERCHANT
1632,SCRAP MERCHANT
1634,MISCELLANEOUS
1635,SCRAP MERCHANT
1636,SCRAP MERCHANT
1637,SCRAP MERCHANT
1638,SCRAP MERCHANT
1639,MANUFACTURER(GENERAL)
1640,MANUFACTURER(GENERAL)
1641,SCRAP MERCHANT
1642,SCRAP MERCHANT
1643,MANUFACTURER(GENERAL)
1644,MANUFACTURER(GENERAL)
1645,MANUFACTURER(GENERAL)
1646,MISCELLANEOUS
1647,SCRAP MERCHANT
1648,SCRAP MERCHANT
1649,MANUFACTURER(GENERAL)
1651,SCRAP MERCHANT
1652,SCRAP MERCHANT
1654,MANUFACTURER(GENERAL)
1655,SCRAP MERCHANT
1656,SCRAP MERCHANT
