Trade Date,Contract Descriptor,Exchange,Action,Qty,Price,Value,Order Ref.,Securities Transaction Tax-STT,Transaction Charges,Stamp Duty,SEBI Turnover Charges,Brokerage,Service Tax On Brokerage,Total Charges
"30-Mar-26","OPT-NIFTY-30-Mar-2026-22600-P-E-I","NSE","Buy","260","111.4","28964","#202603302700006130","0","10.29","0","0.03","116","22.74","149.06"
"30-Mar-26","OPT-NIFTY-30-Mar-2026-22600-P-E-I","NSE","Buy","260","113.2","29432","#202603302700005949","0","10.46","2","0.03","116","22.76","151.25"
"30-Mar-26","OPT-NIFTY-30-Mar-2026-22600-P-E-I","NSE","Sell","520","159.9","83148","#202603302700010347","83","29.54","0","0.08","232","47.08","391.7"
"30-Jan-26","OPT-NIFTY-03-Feb-2026-25300-P-E-I","NSE","Sell","65","208.8","13572","#202601302700020593","13.57","4.82","0","0.01","29","6.1","53.5"
"30-Jan-26","OPT-NIFTY-03-Feb-2026-25250-C-E-I","NSE","Buy","65","234.8","15262","#202601302700032962","0","5.42","0","0.02","29","6.2","40.64"
"30-Jan-26","OPT-NIFTY-03-Feb-2026-25250-C-E-I","NSE","Buy","65","250.55","16285.75","#202601302700035163","0","5.79","0","0.02","29","6.26","41.07"
"30-Jan-26","OPT-NIFTY-03-Feb-2026-25250-C-E-I","NSE","Sell","65","251.55","16350.75","#202601302700035394","16","5.81","0","0.02","29","6.26","57.09"
"30-Jan-26","OPT-NIFTY-03-Feb-2026-25300-P-E-I","NSE","Buy","65","217.6","14144","#202601302700020353","0","5.03","0.42","0.01","29","6.12","40.58"
"30-Jan-26","OPT-NIFTY-03-Feb-2026-25250-C-E-I","NSE","Sell","130","234.9","30537","#202601302700005687","30.54","10.85","0","0.03","58","12.4","111.82"
"30-Jan-26","OPT-NIFTY-03-Feb-2026-25250-C-E-I","NSE","Buy","130","201.25","26162.5","#202601302700002911","0","9.3","1.58","0.02","58","12.12","81.02"
"30-Jan-26","OPT-NIFTY-03-Feb-2026-25250-C-E-I","NSE","Sell","65","259.9","16893.5","#202601302700033361","16.89","6","0","0.02","29","6.3","58.21"
"29-May-25","OPT-NIFTY-29-May-2025-24750-C-E-I","NSE","Sell","150","29.25","4387.5","#202505293700021886","4.38","1.56","0","0","58","10.72","74.66"
"29-May-25","OPT-NIFTY-29-May-2025-24750-C-E-I","NSE","Buy","150","28.15","4222.5","#202505293700021784","0","1.5","0","0","58","10.72","70.22"
"29-May-25","OPT-NIFTY-29-May-2025-24050-P-E-I","NSE","Sell","75","1.5","112.5","#202505293700001341","0.61","0.04","0","0","29","5.22","34.87"
"29-Jan-26","OPT-NIFTY-03-Feb-2026-25400-P-E-I","NSE","Buy","130","178.75","23237.5","#202601292700028229","0","8.26","0.61","0.02","58","11.92","78.81"
"29-Jan-26","OPT-NIFTY-03-Feb-2026-25300-C-E-I","NSE","Sell","65","161.55","10500.75","#202601292700012571","10.19","3.73","0","0.01","29","5.9","48.83"
"29-Jan-26","OPT-NIFTY-03-Feb-2026-25400-P-E-I","NSE","Sell","130","167.8","21814","#202601292700028824","21.81","7.75","0","0.02","58","11.84","99.42"
"29-Jan-26","OPT-NIFTY-03-Feb-2026-25300-C-E-I","NSE","Buy","65","199.6","12974","#202601292700003148","0","4.61","0.39","0.01","29","6.06","40.07"
"28-Nov-25","OPT-NIFTY-02-Dec-2025-26100-P-E-I","NSE","Buy","375","44.1","16537.5","#202511283700015905","0","5.88","0.76","0.02","145","27.16","178.82"
"28-Nov-25","OPT-NIFTY-02-Dec-2025-26100-P-E-I","NSE","Buy","75","44.1","3307.5","#202511283700015879","0","1.18","0","0","29","5.44","35.62"
"28-Nov-25","OPT-NIFTY-02-Dec-2025-26200-C-E-I","NSE","Sell","75","105","7875","#202511283700015412","8","2.8","0","0.01","29","5.72","45.53"
"28-Nov-25","OPT-NIFTY-02-Dec-2025-26200-C-E-I","NSE","Buy","75","105.85","7938.75","#202511283700015346","0","2.82","0.24","0.01","29","5.72","37.79"
"28-Jan-26","OPT-NIFTY-03-Feb-2026-25300-P-E-I","NSE","Buy","195","202.4","39468","#202601282700019168","0","14.01","0","0.03","87","18.18","119.22"
"28-Jan-26","OPT-NIFTY-03-Feb-2026-25300-P-E-I","NSE","Sell","195","209.9","40930.5","#202601282700019192","40.93","14.54","0","0.04","87","18.28","160.79"
"28-Jan-26","OPT-NIFTY-03-Feb-2026-25400-C-E-I","NSE","Sell","195","179.25","34953.75","#202601282700019090","34.95","12.42","0","0.04","87","17.9","152.31"
"28-Jan-26","OPT-NIFTY-03-Feb-2026-25400-C-E-I","NSE","Buy","65","190.25","12366.25","#202601282700018753","0","4.39","0","0.01","29","6.02","39.42"
"28-Jan-26","OPT-NIFTY-03-Feb-2026-25400-C-E-I","NSE","Buy","130","200.4","26052","#202601282700017879","0","9.26","1.15","0.03","58","12.12","80.56"
"28-Jan-26","OPT-NIFTY-03-Feb-2026-25300-P-E-I","NSE","Buy","65","203.1","13201.5","#202601282700004257","0","4.69","1.85","0.01","29","6.06","41.61"
"28-Jan-26","OPT-NIFTY-03-Feb-2026-25300-P-E-I","NSE","Sell","65","219.9","14293.5","#202601282700004408","14.12","5.08","0","0.01","29","6.14","54.35"
"28-Aug-25","OPT-NIFTY-28-Aug-2025-24550-C-E-I","NSE","Buy","675","40.07","27048.75","#202508283700004752","0","9.62","0.68","0.01","261","48.76","320.07"
"28-Aug-25","OPT-NIFTY-28-Aug-2025-24550-C-E-I","NSE","Sell","675","49.55","33446.25","#202508283700005256","33.45","11.88","0","0.03","261","49.14","355.5"
"28-Aug-25","OPT-NIFTY-28-Aug-2025-24500-P-E-I","NSE","Buy","600","9.6","5760","#202508283700018912","0","2.05","0","0","232","42.12","276.17"
"28-Aug-25","OPT-NIFTY-28-Aug-2025-24500-P-E-I","NSE","Buy","600","8.25","4950","#202508283700019428","0","1.76","0.32","0","232","42.08","276.16"
"28-Aug-25","OPT-NIFTY-28-Aug-2025-24500-P-E-I","NSE","Sell","1200","17.65","21180","#202508283700020082","21.55","7.53","0","0.02","464","84.88","577.98"
"27-Nov-25","OPT-NIFTY-02-Dec-2025-26250-P-E-I","NSE","Buy","75","109","8175","#202511273700012267","0","2.9","0","0.01","29","5.74","37.65"
"27-Mar-26","OPT-NIFTY-30-Mar-2026-22950-P-E-I","NSE","Buy","260","205.25","53365","#202603272700003654","0","18.96","0","0.05","116","24.3","159.31"
"27-Mar-26","OPT-NIFTY-30-Mar-2026-22950-P-E-I","NSE","Buy","195","205.4","40053","#202603272700003756","0","14.23","0","0.04","87","18.22","119.49"
"27-Mar-26","OPT-NIFTY-30-Mar-2026-22950-P-E-I","NSE","Sell","520","229.9","119548","#202603272700011616","120.02","42.48","0","0.11","232","49.42","444.03"
"27-Mar-26","OPT-NIFTY-30-Mar-2026-22950-P-E-I","NSE","Sell","390","249.9","97461","#202603272700013921","97.45","34.62","0","0.11","174","37.56","343.74"
"27-Mar-26","OPT-NIFTY-30-Mar-2026-22950-P-E-I","NSE","Buy","130","251.25","32662.5","#202603272700014654","0","11.6","0","0.04","58","12.52","82.16"
"27-Mar-26","OPT-NIFTY-30-Mar-2026-22950-P-E-I","NSE","Sell","130","280.9","36517","#202603272700016911","36.52","12.97","0","0.04","58","12.78","120.31"
"27-Mar-26","OPT-NIFTY-30-Mar-2026-22950-P-E-I","NSE","Buy","65","215.3","13994.5","#202603272700003472","0","4.97","0","0.01","29","6.12","40.1"
"27-Mar-26","OPT-NIFTY-30-Mar-2026-22950-P-E-I","NSE","Buy","390","231.25","90187.5","#202603272700013772","0","32.04","7","0.09","174","37.1","250.23"
"27-Jan-26","OPT-NIFTY-27-Jan-2026-25000-C-E-I","NSE","Buy","65","82","5330","#202601272700049123","0","1.89","0.34","0.01","29","5.56","36.8"
"27-Jan-26","OPT-NIFTY-27-Jan-2026-25000-C-E-I","NSE","Sell","130","89.9","11687","#202601272700053910","11.69","4.15","0","0.01","58","11.18","85.03"
"27-Jan-26","OPT-NIFTY-27-Jan-2026-25000-C-E-I","NSE","Buy","65","91","5915","#202601272700048910","0","2.1","0","0.01","29","5.6","36.71"
"27-Jan-26","OPT-NIFTY-27-Jan-2026-24950-C-E-I","NSE","Sell","65","195.25","12691.25","#202601272700010103","12.69","4.51","0","0.01","29","6.04","52.25"
"27-Jan-26","OPT-NIFTY-27-Jan-2026-24950-C-E-I","NSE","Sell","65","181.25","11781.25","#202601272700009601","11.62","4.19","0","0.01","29","5.98","50.8"
"27-Jan-26","OPT-NIFTY-27-Jan-2026-24950-C-E-I","NSE","Buy","65","191.25","12431.25","#202601272700006358","0","4.42","0","0.01","29","6.02","39.45"
"27-Jan-26","OPT-NIFTY-27-Jan-2026-24950-C-E-I","NSE","Buy","65","109.3","7104.5","#202601272700005475","0","2.52","0.66","0.01","29","5.68","37.87"
"27-Feb-26","OPT-NIFTY-02-Mar-2026-25300-C-E-I","NSE","Buy","65","111.55","7250.75","#202602272700008439","0","2.58","0.62","0.01","29","5.68","37.89"
"27-Feb-26","OPT-NIFTY-02-Mar-2026-25300-C-E-I","NSE","Buy","65","102.6","6669","#202602272700008665","0","2.37","0","0.01","29","5.64","37.02"
"27-Feb-26","OPT-NIFTY-02-Mar-2026-25300-C-E-I","NSE","Buy","65","101.75","6613.75","#202602272700009169","0","2.35","0","0.01","29","5.64","37"
"27-Feb-26","OPT-NIFTY-02-Mar-2026-25300-C-E-I","NSE","Sell","195","129.9","25330.5","#202602272700010803","25.33","9","0","0.03","87","17.28","138.64"
"27-Feb-26","OPT-NIFTY-02-Mar-2026-25400-P-E-I","NSE","Buy","130","119.4","15522","#202602272700002056","0","5.52","0","0.02","58","11.44","74.98"
"27-Feb-26","OPT-NIFTY-02-Mar-2026-25400-P-E-I","NSE","Buy","650","123.4","80210","#202602272700002589","0","28.5","6.38","0.08","290","57.36","382.32"
"27-Feb-26","OPT-NIFTY-02-Mar-2026-25400-P-E-I","NSE","Buy","130","165.35","21495.5","#202602272700007592","0","7.64","0","0.02","58","11.8","77.46"
"27-Feb-26","OPT-NIFTY-02-Mar-2026-25400-P-E-I","NSE","Buy","130","164.62","21401.25","#202602272700007564","0","7.6","0","0.02","58","11.8","77.42"
"27-Feb-26","OPT-NIFTY-02-Mar-2026-25400-P-E-I","NSE","Buy","130","174.9","22737","#202602272700007494","0","8.08","0","0.02","58","11.88","77.98"
"27-Feb-26","OPT-NIFTY-02-Mar-2026-25400-P-E-I","NSE","Buy","325","173.43","56364.75","#202602272700007318","0","20.03","0","0.05","145","29.7","194.78"
"27-Feb-26","OPT-NIFTY-02-Mar-2026-25400-P-E-I","NSE","Sell","780","144.9","113022","#202602272700003689","113.42","40.16","0","0.12","348","69.9","571.6"
"27-Feb-26","OPT-NIFTY-02-Mar-2026-25400-P-E-I","NSE","Sell","715","164","117260","#202602272700007738","117.26","41.65","0","0.11","319","64.94","542.96"
"26-Feb-26","OPT-NIFTY-02-Mar-2026-25550-C-E-I","NSE","Buy","325","136.75","44443.75","#202602262700000649","0","15.79","0","0.04","145","28.96","189.79"
"26-Feb-26","OPT-NIFTY-02-Mar-2026-25550-C-E-I","NSE","Buy","390","124.76","48655.75","#202602262700000839","0","17.28","0","0.05","174","34.44","225.77"
"26-Feb-26","OPT-NIFTY-02-Mar-2026-25550-C-E-I","NSE","Sell","715","124.49","89011","#202602262700003535","89.27","31.64","0","0.1","319","63.14","503.15"
"26-Feb-26","OPT-NIFTY-02-Mar-2026-25550-C-E-I","NSE","Buy","65","132.3","8599.5","#202602262700003918","0","3.06","0","0.01","29","5.78","37.85"
"26-Feb-26","OPT-NIFTY-02-Mar-2026-25550-C-E-I","NSE","Buy","195","130.3","25408.5","#202602262700003931","0","9.03","0","0.03","87","17.28","113.34"
"26-Feb-26","OPT-NIFTY-02-Mar-2026-25550-C-E-I","NSE","Buy","195","129.65","25281.75","#202602262700003942","0","8.97","0","0.03","87","17.28","113.28"
"26-Feb-26","OPT-NIFTY-02-Mar-2026-25550-C-E-I","NSE","Sell","780","109.9","85722","#202602262700009308","85.72","30.46","0","0.09","348","68.14","532.41"
"26-Feb-26","OPT-NIFTY-02-Mar-2026-25550-C-E-I","NSE","Buy","130","122.7","15951","#202602262700004003","0","5.66","0","0.02","58","11.48","75.16"
"26-Feb-26","OPT-NIFTY-02-Mar-2026-25550-C-E-I","NSE","Sell","780","115.15","89817","#202602262700004113","89.81","31.91","0","0.09","348","68.4","538.21"
"26-Feb-26","OPT-NIFTY-02-Mar-2026-25550-C-E-I","NSE","Buy","715","84.15","60167.25","#202602262700007074","0","21.37","10","0.07","319","61.3","411.74"
"26-Feb-26","OPT-NIFTY-02-Mar-2026-25550-C-E-I","NSE","Sell","715","80","57200","#202602262700008284","57.2","20.32","0","0.06","319","61.08","457.66"
"26-Feb-26","OPT-NIFTY-02-Mar-2026-25550-C-E-I","NSE","Buy","780","81.18","63323","#202602262700008745","0","22.5","0","0.08","348","66.72","437.3"
"26-Feb-26","OPT-NIFTY-02-Mar-2026-25550-C-E-I","NSE","Buy","195","130.35","25418.25","#202602262700003964","0","9.03","0","0.03","87","17.3","113.36"
"25-Nov-25","OPT-NIFTY-25-Nov-2025-25950-P-E-I","NSE","Buy","450","14.75","6637.5","#202511253700025830","0","2.36","0","0","174","31.76","208.12"
"25-Nov-25","OPT-NIFTY-25-Nov-2025-25950-P-E-I","NSE","Sell","450","19.75","8887.5","#202511253700029325","9","3.16","0","0.01","174","31.9","218.07"
"25-Feb-26","OPT-NIFTY-02-Mar-2026-25600-C-E-I","NSE","Buy","65","153.25","9961.25","#202602252700001753","0","3.54","0","0.01","29","5.86","38.41"
"25-Feb-26","OPT-NIFTY-02-Mar-2026-25600-C-E-I","NSE","Buy","65","150.55","9785.75","#202602252700001896","0","3.48","0","0.01","29","5.84","38.33"
"25-Feb-26","OPT-NIFTY-02-Mar-2026-25600-C-E-I","NSE","Buy","65","147.85","9610.25","#202602252700002066","0","3.41","0","0.01","29","5.84","38.26"
"25-Feb-26","OPT-NIFTY-02-Mar-2026-25600-C-E-I","NSE","Buy","65","142.25","9246.25","#202602252700002255","0","3.29","0","0.01","29","5.82","38.12"
"25-Feb-26","OPT-NIFTY-02-Mar-2026-25600-C-E-I","NSE","Sell","455","175.82","80002","#202602252700004518","80","28.42","0","0.08","203","41.68","353.18"
"25-Feb-26","OPT-NIFTY-02-Mar-2026-25600-C-E-I","NSE","Buy","65","151.25","9831.25","#202602252700001642","0","3.49","0","0.01","29","5.86","38.36"
"25-Feb-26","OPT-NIFTY-02-Mar-2026-25600-C-E-I","NSE","Buy","65","153.3","9964.5","#202602252700000830","0","3.54","2","0.01","29","5.86","40.41"
"25-Feb-26","OPT-NIFTY-02-Mar-2026-25600-C-E-I","NSE","Buy","65","154.45","10039.25","#202602252700001928","0","3.57","0","0.01","29","5.86","38.44"
"24-Nov-25","OPT-NIFTY-25-Nov-2025-26100-P-E-I","NSE","Buy","75","71.75","5381.25","#202511243700016998","0","1.91","0","0.01","29","5.56","36.48"
"24-Nov-25","OPT-NIFTY-25-Nov-2025-26100-P-E-I","NSE","Sell","75","74.75","5606.25","#202511243700017022","6","1.99","0","0.01","29","5.58","42.58"
"24-Mar-26","OPT-NIFTY-24-Mar-2026-22700-P-E-I","NSE","Buy","390","91.25","35587.5","#202603242700007256","0","12.65","2.87","0.04","174","33.6","223.16"
"24-Mar-26","OPT-NIFTY-24-Mar-2026-22700-P-E-I","NSE","Buy","390","78.82","30738.5","#202603242700007429","0","10.92","0","0.05","174","33.26","218.23"
"24-Mar-26","OPT-NIFTY-24-Mar-2026-22700-P-E-I","NSE","Sell","1170","139.9","163683","#202603242700008926","163.68","58.15","0","0.17","522","104.46","848.46"
"24-Mar-26","OPT-NIFTY-24-Mar-2026-22700-P-E-I","NSE","Buy","390","104.67","40826.5","#202603242700006784","0","14.51","0","0.05","174","33.94","222.5"
"24-Mar-26","OPT-NIFTY-24-Mar-2026-22800-C-E-I","NSE","Buy","65","69.15","4494.75","#202603242700005097","0","1.6","0.13","0","29","5.5","36.23"
"24-Mar-26","OPT-NIFTY-24-Mar-2026-22800-C-E-I","NSE","Sell","65","74.8","4862","#202603242700006008","5.32","1.73","0","0","29","5.54","41.59"
"24-Feb-26","OPT-NIFTY-24-Feb-2026-25600-P-E-I","NSE","Buy","325","86.05","27966.25","#202602242700001723","0","9.93","1.77","0.03","145","27.9","184.63"
"24-Feb-26","OPT-NIFTY-24-Feb-2026-25600-P-E-I","NSE","Buy","195","85.75","16721.25","#202602242700001766","0","5.94","0","0.03","87","16.74","109.71"
"24-Feb-26","OPT-NIFTY-24-Feb-2026-25600-P-E-I","NSE","Buy","195","81.37","15869.75","#202602242700002060","0","5.64","0","0.02","87","16.68","109.34"
"24-Feb-26","OPT-NIFTY-24-Feb-2026-25600-P-E-I","NSE","Sell","845","106.9","90330.5","#202602242700002463","90.45","32.1","0","0.08","377","73.68","573.31"
"24-Feb-26","OPT-ICICIBANK-30-Mar-2026-1360-P-E-S","NSE","Buy","700","10.95","7665","#202602242700017168","0","2.72","0.23","0.01","29","5.72","37.68"
"24-Feb-26","OPT-ICICIBANK-30-Mar-2026-1360-P-E-S","NSE","Sell","700","10.8","7560","#202602242700019972","7.56","2.69","0","0.01","29","5.7","44.96"
"24-Feb-26","OPT-NIFTY-24-Feb-2026-25600-P-E-I","NSE","Buy","65","87.95","5716.75","#202602242700001680","0","2.03","0","0.01","29","5.58","36.62"
"24-Feb-26","OPT-NIFTY-24-Feb-2026-25600-P-E-I","NSE","Buy","65","86.3","5609.5","#202602242700001698","0","1.99","0","0.01","29","5.58","36.58"
"23-May-25","OPT-NIFTY-29-May-2025-24050-P-E-I","NSE","Buy","75","24.65","1848.75","#202505233700005571","0","0.66","0","0","29","5.34","35"
"23-Mar-26","OPT-NIFTY-24-Mar-2026-22650-P-E-I","NSE","Sell","650","229.9","149435","#202603232700004129","148.99","53.1","0","0.13","290","61.8","554.02"
"23-Mar-26","OPT-NIFTY-24-Mar-2026-22650-P-E-I","NSE","Buy","65","191.5","12447.5","#202603232700001839","0","4.42","0","0.01","29","6.02","39.45"
"23-Mar-26","OPT-NIFTY-24-Mar-2026-22650-P-E-I","NSE","Buy","130","202.35","26305.5","#202603232700001941","0","9.35","0","0.03","58","12.12","79.5"
"23-Mar-26","OPT-NIFTY-24-Mar-2026-22650-P-E-I","NSE","Buy","130","197.9","25727","#202603232700002008","0","9.14","0","0.02","58","12.08","79.24"
"23-Mar-26","OPT-NIFTY-24-Mar-2026-22650-P-E-I","NSE","Buy","195","199.25","38853.75","#202603232700002603","0","13.8","4","0.04","87","18.16","123"
"23-Mar-26","OPT-NIFTY-24-Mar-2026-22650-P-E-I","NSE","Buy","130","200.3","26039","#202603232700003231","0","9.25","0","0.03","58","12.1","79.38"
"23-Feb-26","OPT-NIFTY-24-Feb-2026-25650-C-E-I","NSE","Buy","260","106.9","27794","#202602232700006977","0","9.88","0.83","0.03","116","22.66","149.4"
"23-Feb-26","OPT-NIFTY-24-Feb-2026-25350-P-E-I","NSE","Sell","650","18.4","11960","#202602232700002462","11.96","4.25","0","0.01","290","52.96","359.18"
"23-Feb-26","OPT-NIFTY-24-Feb-2026-25650-P-E-I","NSE","Buy","260","94.7","24622","#202602232700007682","0","8.74","1.79","0.02","116","22.44","148.99"
"23-Feb-26","OPT-NIFTY-24-Feb-2026-25650-P-E-I","NSE","Buy","65","84.2","5473","#202602232700007831","0","1.94","0","0.01","29","5.58","36.53"
"23-Feb-26","OPT-NIFTY-24-Feb-2026-25650-P-E-I","NSE","Buy","65","81.65","5307.25","#202602232700007866","0","1.89","0","0.01","29","5.56","36.46"
"23-Feb-26","OPT-NIFTY-24-Feb-2026-25650-P-E-I","NSE","Buy","65","79.3","5154.5","#202602232700007889","0","1.83","0","0.01","29","5.56","36.4"
"23-Feb-26","OPT-NIFTY-24-Feb-2026-25650-P-E-I","NSE","Buy","130","89.55","11641.5","#202602232700009115","0","4.14","0","0.01","58","11.18","73.33"
"23-Feb-26","OPT-NIFTY-24-Feb-2026-25650-P-E-I","NSE","Buy","130","89.65","11654.5","#202602232700009126","0","4.14","0","0.02","58","11.2","73.36"
"23-Feb-26","OPT-NIFTY-24-Feb-2026-25650-P-E-I","NSE","Sell","715","109.9","78578.5","#202602232700009465","78.56","27.92","0","0.09","319","62.48","488.05"
"23-Feb-26","OPT-NIFTY-24-Feb-2026-25650-C-E-I","NSE","Sell","260","114.9","29874","#202602232700007353","29.88","10.62","0","0.02","116","22.8","179.32"
"23-Feb-26","OPT-NIFTY-24-Feb-2026-25350-P-E-I","NSE","Buy","650","19.7","12805","#202602232700001679","0","4.54","0.38","0.02","290","53","347.94"
"23-Feb-26","OPT-NIFTY-24-Feb-2026-25350-P-E-I","NSE","Sell","650","22","14300","#202602232700001112","14.59","5.08","0","0.01","290","53.12","362.8"
"21-Nov-25","OPT-NIFTY-25-Nov-2025-26100-P-E-I","NSE","Sell","75","119.9","8992.5","#202511213700007438","9","3.2","0","0.01","29","5.8","47.01"
"21-May-25","OPT-NIFTY-22-May-2025-24750-P-E-I","NSE","Buy","150","125.6","18840","#202505213700000977","0","6.69","1","0.02","58","11.64","77.35"
"21-May-25","OPT-NIFTY-22-May-2025-24750-P-E-I","NSE","Sell","150","77.35","11602.5","#202505213700006174","12","4.12","0","0.01","58","11.18","85.31"
"21-Aug-25","OPT-NIFTY-21-Aug-2025-25150-C-E-I","NSE","Buy","1500","9.9","14850","#202508213700016277","0","5.28","1","0.01","580","105.36","691.65"
"21-Aug-25","OPT-NIFTY-21-Aug-2025-25150-C-E-I","NSE","Sell","450","3.8","1710","#202508213700018285","1.71","0.61","0","0","174","31.42","207.74"
"21-Aug-25","OPT-NIFTY-21-Aug-2025-25150-C-E-I","NSE","Sell","1500","3.8","5700","#202508213700018369","5.72","2.02","0","0","580","104.76","692.5"
"21-Aug-25","OPT-NIFTY-21-Aug-2025-25150-C-E-I","NSE","Sell","900","4.15","3735","#202508213700018813","3.73","1.33","0","0","348","62.88","415.94"
"21-Aug-25","OPT-NIFTY-21-Aug-2025-25150-C-E-I","NSE","Sell","150","12.05","1807.5","#202508213700016581","1.86","0.64","0","0","58","10.56","71.06"
"21-Aug-25","OPT-NIFTY-21-Aug-2025-25150-C-E-I","NSE","Buy","750","13.45","10087.5","#202508213700015673","0","3.58","0","0.01","290","52.84","346.43"
"21-Aug-25","OPT-NIFTY-21-Aug-2025-25150-C-E-I","NSE","Buy","750","14.68","11017.5","#202508213700015714","0","3.91","0","0.01","290","52.92","346.84"
"20-Nov-25","OPT-NIFTY-25-Nov-2025-26100-P-E-I","NSE","Buy","75","103.15","7736.25","#202511203700008974","0","2.75","0","0.01","29","5.72","37.48"
"20-Mar-26","OPT-NIFTY-24-Mar-2026-23300-C-E-I","NSE","Sell","260","177.36","46114.25","#202603202700015836","45.85","16.39","0","0.04","116","23.84","202.12"
"20-Mar-26","OPT-NIFTY-24-Mar-2026-23300-C-E-I","NSE","Buy","65","206.05","13393.25","#202603202700014962","0","4.76","0","0.01","29","6.08","39.85"
"20-Mar-26","OPT-NIFTY-24-Mar-2026-23300-C-E-I","NSE","Buy","65","213.35","13867.75","#202603202700014872","0","4.93","0","0.01","29","6.12","40.06"
"20-Mar-26","OPT-NIFTY-24-Mar-2026-23300-C-E-I","NSE","Buy","65","209.45","13614.25","#202603202700012643","0","4.84","0","0.01","29","6.1","39.95"
"20-Mar-26","OPT-NIFTY-24-Mar-2026-23300-C-E-I","NSE","Buy","325","238.83","77623","#202603202700002995","0","27.57","5","0.08","145","31.1","208.75"
"20-Mar-26","OPT-NIFTY-24-Mar-2026-23300-C-E-I","NSE","Sell","390","269.9","105261","#202603202700007930","105.26","37.4","0","0.12","174","38.08","354.86"
"20-Mar-26","OPT-NIFTY-24-Mar-2026-23300-C-E-I","NSE","Buy","65","251.55","16350.75","#202603202700008425","0","5.81","0","0.02","29","6.26","41.09"
"20-Mar-26","OPT-NIFTY-24-Mar-2026-23300-C-E-I","NSE","Buy","130","216.2","28106","#202603202700003436","0","9.98","0","0.02","58","12.24","80.24"
"20-Mar-26","OPT-NIFTY-24-Mar-2026-23300-C-E-I","NSE","Sell","65","259.9","16893.5","#202603202700007864","16.89","6","0","0.02","29","6.3","58.21"
"20-Feb-26","OPT-NIFTY-24-Feb-2026-25350-P-E-I","NSE","Buy","65","55.8","3627","#202602202700008269","0","1.29","0","0","29","5.46","35.75"
"20-Feb-26","OPT-NIFTY-24-Feb-2026-25350-P-E-I","NSE","Buy","65","60.55","3935.75","#202602202700009082","0","1.4","0","0","29","5.48","35.88"
"20-Feb-26","OPT-NIFTY-24-Feb-2026-25550-C-E-I","NSE","Buy","195","176.45","34407.75","#202602202700009377","0","12.23","1.61","0.03","87","17.88","118.75"
"20-Feb-26","OPT-NIFTY-24-Feb-2026-25350-P-E-I","NSE","Buy","65","50.4","3276","#202602202700010965","0","1.16","0","0","29","5.42","35.58"
"20-Feb-26","OPT-NIFTY-24-Feb-2026-25550-C-E-I","NSE","Sell","195","199.9","38980.5","#202602202700011207","38.98","13.85","0","0.04","87","18.16","158.03"
"20-Feb-26","OPT-NIFTY-24-Feb-2026-25350-P-E-I","NSE","Buy","65","54.35","3532.75","#202602202700011860","0","1.26","0","0","29","5.44","35.7"
"20-Feb-26","OPT-NIFTY-24-Feb-2026-25350-P-E-I","NSE","Buy","195","102.85","20055.75","#202602202700001862","0","7.14","0","0.03","87","16.92","111.09"
"20-Feb-26","OPT-NIFTY-24-Feb-2026-25550-C-E-I","NSE","Sell","65","172","11180","#202602202700013058","11.18","3.97","0","0.01","29","5.94","50.1"
"20-Feb-26","OPT-NIFTY-24-Feb-2026-25350-P-E-I","NSE","Buy","65","55.35","3597.75","#202602202700013548","0","1.28","0","0","29","5.46","35.74"
"20-Feb-26","OPT-NIFTY-24-Feb-2026-25550-C-E-I","NSE","Buy","130","169.75","22067.5","#202602202700016126","0","7.84","0","0.02","58","11.84","77.7"
"20-Feb-26","OPT-NIFTY-24-Feb-2026-25550-C-E-I","NSE","Sell","130","169.25","22002.5","#202602202700016569","22","7.82","0","0.02","58","11.86","99.7"
"20-Feb-26","OPT-NIFTY-24-Feb-2026-25350-P-E-I","NSE","Buy","130","63","8190","#202602202700006057","0","2.91","1.39","0.01","58","10.96","73.27"
"20-Feb-26","OPT-NIFTY-24-Feb-2026-25550-C-E-I","NSE","Sell","130","114.8","14924","#202602202700003969","14.84","5.3","0","0.01","58","11.4","89.55"
"20-Feb-26","OPT-NIFTY-24-Feb-2026-25550-C-E-I","NSE","Buy","65","182.25","11846.25","#202602202700012918","0","4.21","0","0.01","29","5.98","39.2"
"19-Mar-26","OPT-NIFTY-24-Mar-2026-23250-P-E-I","NSE","Buy","65","237.7","15450.5","#202603192700006373","0","5.49","0","0.02","29","6.22","40.73"
"19-Mar-26","OPT-NIFTY-24-Mar-2026-23250-P-E-I","NSE","Sell","390","249.9","97461","#202603192700002834","97.21","34.62","0","0.11","174","37.56","343.5"
"19-Mar-26","OPT-NIFTY-24-Mar-2026-23250-P-E-I","NSE","Buy","390","202.61","79020.5","#202603192700002117","0","28.08","5","0.07","174","36.36","243.51"
"19-Mar-26","OPT-NIFTY-24-Mar-2026-23250-P-E-I","NSE","Sell","325","270.08","87779.25","#202603192700007010","87.78","31.2","0","0.1","145","31.72","295.8"
"19-Mar-26","OPT-NIFTY-24-Mar-2026-23250-P-E-I","NSE","Buy","130","231.6","30108","#202603192700006422","0","10.7","0","0.04","58","12.36","81.1"
"19-Mar-26","OPT-NIFTY-24-Mar-2026-23250-P-E-I","NSE","Buy","130","231.25","30062.5","#202603192700006400","0","10.68","0","0.03","58","12.36","81.07"
"19-Jan-26","OPT-NIFTY-20-Jan-2026-26050-C-E-I","NSE","Sell","65","4.4","286","#202601193100004090","0","0.1","0","0","29","5.24","34.34"
"19-Feb-26","OPT-NIFTY-24-Feb-2026-25800-C-E-I","NSE","Buy","130","115.45","15008.5","#202602192700003595","0","5.33","1.2","0.02","58","11.4","75.95"
"19-Feb-26","OPT-NIFTY-24-Feb-2026-25800-C-E-I","NSE","Sell","65","115.9","7533.5","#202602192700003138","7.26","2.68","0","0.01","29","5.7","44.65"
"19-Feb-26","OPT-NIFTY-24-Feb-2026-25800-C-E-I","NSE","Sell","65","113.9","7403.5","#202602192700003666","7.4","2.63","0","0.01","29","5.7","44.74"
"19-Feb-26","OPT-NIFTY-24-Feb-2026-25800-C-E-I","NSE","Sell","65","107.75","7003.75","#202602192700004036","7","2.49","0","0.01","29","5.66","44.16"
"19-Feb-26","OPT-NIFTY-24-Feb-2026-25800-C-E-I","NSE","Buy","130","97.7","12701","#202602192700005627","0","4.52","0","0.02","58","11.24","73.78"
"19-Feb-26","OPT-NIFTY-24-Feb-2026-25800-C-E-I","NSE","Sell","130","99.9","12987","#202602192700005810","12.98","4.62","0","0.02","58","11.28","86.9"
"19-Feb-26","OPT-NIFTY-24-Feb-2026-25650-P-E-I","NSE","Buy","65","162.25","10546.25","#202602192700013017","0","3.75","0.32","0.01","29","5.9","38.98"
"19-Feb-26","OPT-NIFTY-24-Feb-2026-25650-P-E-I","NSE","Sell","65","189.9","12343.5","#202602192700013154","12.34","4.39","0","0.01","29","6.02","51.76"
"19-Feb-26","OPT-NIFTY-24-Feb-2026-25800-C-E-I","NSE","Buy","65","118.8","7722","#202602192700002784","0","2.74","0","0.01","29","5.72","37.47"
"19-Feb-26","OPT-NIFTY-24-Feb-2026-25550-C-E-I","NSE","Buy","130","122.3","15899","#202602192700014494","0","5.64","0.48","0.02","58","11.44","75.58"
"18-Nov-25","OPT-NIFTY-18-Nov-2025-26000-P-E-I","NSE","Sell","300","28.85","8655","#202511183700027198","8.66","3.08","0","0","116","21.44","149.18"
"18-Nov-25","OPT-NIFTY-18-Nov-2025-26000-P-E-I","NSE","Sell","75","45.25","3393.75","#202511183700026903","3.39","1.21","0","0","29","5.44","39.04"
"18-Nov-25","OPT-NIFTY-18-Nov-2025-26000-P-E-I","NSE","Buy","75","76.65","5748.75","#202511183700022527","0","2.04","0","0.01","29","5.58","36.63"
"18-Nov-25","OPT-NIFTY-18-Nov-2025-26000-P-E-I","NSE","Buy","300","79.7","23910","#202511183700022281","0","8.49","0","0.03","116","22.4","146.92"
"18-Nov-25","OPT-NIFTY-18-Nov-2025-26000-P-E-I","NSE","Sell","375","59.9","22462.5","#202511183700019883","22.46","7.99","0","0.01","145","27.52","202.98"
"18-Nov-25","OPT-NIFTY-18-Nov-2025-26000-P-E-I","NSE","Buy","375","52.25","19593.75","#202511183700019807","0","6.96","1.09","0.01","145","27.38","180.44"
"18-Nov-25","OPT-NIFTY-18-Nov-2025-26000-C-E-I","NSE","Sell","750","30.1","22575","#202511183700018572","22.49","8.02","0","0.02","290","53.64","374.17"
"18-Nov-25","OPT-NIFTY-18-Nov-2025-26000-C-E-I","NSE","Buy","75","37.9","2842.5","#202511183700004571","0","1.01","0","0","29","5.4","35.41"
"18-Nov-25","OPT-NIFTY-18-Nov-2025-26000-C-E-I","NSE","Buy","225","39.6","8910","#202511183700004021","0","3.17","0","0.01","87","16.24","106.42"
"18-Nov-25","OPT-NIFTY-18-Nov-2025-26000-C-E-I","NSE","Buy","450","40.97","18438.75","#202511183700003404","0","6.55","0.91","0.02","174","32.52","214"
"18-Mar-26","OPT-NIFTY-24-Mar-2026-23600-P-E-I","NSE","Buy","65","185.25","12041.25","#202603182700004244","0","4.28","0","0.01","29","6","39.29"
"18-Mar-26","OPT-NIFTY-24-Mar-2026-23600-P-E-I","NSE","Sell","325","129.28","42012.75","#202603182700012043","42","14.93","0","0.05","145","28.8","230.78"
"18-Mar-26","OPT-NIFTY-24-Mar-2026-23600-P-E-I","NSE","Buy","65","185","12025","#202603182700004520","0","4.27","0","0.01","29","6","39.28"
"18-Mar-26","OPT-NIFTY-24-Mar-2026-23600-P-E-I","NSE","Buy","65","182.7","11875.5","#202603182700004497","0","4.22","0","0.01","29","5.98","39.21"
"18-Mar-26","OPT-NIFTY-24-Mar-2026-23600-P-E-I","NSE","Buy","65","181.3","11784.5","#202603182700004471","0","4.19","2","0.01","29","5.98","41.18"
"18-Mar-26","OPT-NIFTY-24-Mar-2026-23600-P-E-I","NSE","Buy","65","185.2","12038","#202603182700004436","0","4.28","0","0.01","29","6","39.29"
"18-Feb-26","OPT-NIFTY-24-Feb-2026-25700-P-E-I","NSE","Buy","65","116.25","7556.25","#202602182700001612","0","2.68","0","0.01","29","5.7","37.39"
"18-Feb-26","OPT-NIFTY-24-Feb-2026-25750-C-E-I","NSE","Buy","65","110.4","7176","#202602182700007680","0","2.55","0","0.01","29","5.68","37.24"
"18-Feb-26","OPT-NIFTY-24-Feb-2026-25700-P-E-I","NSE","Sell","65","132","8580","#202602182700007358","8.58","3.05","0","0.01","29","5.78","46.42"
"18-Feb-26","OPT-NIFTY-24-Feb-2026-25750-C-E-I","NSE","Buy","65","109.5","7117.5","#202602182700007719","0","2.53","0.43","0.01","29","5.68","37.65"
"18-Feb-26","OPT-NIFTY-24-Feb-2026-25750-C-E-I","NSE","Sell","130","114.9","14937","#202602182700007909","14.94","5.31","0","0.01","58","11.4","89.66"
"18-Feb-26","OPT-NIFTY-24-Feb-2026-25700-P-E-I","NSE","Buy","130","103.8","13494","#202602182700010073","0","4.79","1.57","0.01","58","11.3","75.67"
"18-Feb-26","OPT-NIFTY-24-Feb-2026-25700-P-E-I","NSE","Sell","130","106.05","13786.5","#202602182700010968","13.79","4.9","0","0.01","58","11.32","88.02"
"18-Feb-26","OPT-NIFTY-24-Feb-2026-25700-P-E-I","NSE","Buy","65","125.35","8147.75","#202602182700007305","0","2.89","0","0.01","29","5.74","37.64"
"18-Feb-26","OPT-NIFTY-24-Feb-2026-25700-P-E-I","NSE","Sell","65","139.9","9093.5","#202602182700003253","9.09","3.23","0","0.01","29","5.8","47.13"
"18-Feb-26","OPT-NIFTY-24-Feb-2026-25700-P-E-I","NSE","Sell","65","127.9","8313.5","#202602182700003132","8.6","2.95","0","0.01","29","5.76","46.32"
"18-Feb-26","OPT-NIFTY-24-Feb-2026-25700-P-E-I","NSE","Buy","65","118.95","7731.75","#202602182700001708","0","2.75","0","0.01","29","5.72","37.48"
"17-Nov-25","OPT-NIFTY-18-Nov-2025-26000-P-E-I","NSE","Sell","75","97.25","7293.75","#202511173700005651","7","2.59","0","0.01","29","5.68","44.28"
"17-Nov-25","OPT-NIFTY-18-Nov-2025-26000-P-E-I","NSE","Buy","75","87.1","6532.5","#202511173700004824","0","2.32","0","0.01","29","5.64","36.97"
"17-Mar-26","OPT-NIFTY-17-Mar-2026-23200-P-E-I","NSE","Sell","1300","1.4","1820","#202603172700019616","1.82","0.64","0","0","580","104.54","687"
"17-Mar-26","OPT-NIFTY-17-Mar-2026-23200-P-E-I","NSE","Sell","1300","1.4","1820","#202603172700019591","1.82","0.65","0","0","580","104.52","686.99"
"17-Mar-26","OPT-NIFTY-17-Mar-2026-23200-P-E-I","NSE","Buy","650","4.8","3120","#202603172700009989","0","1.11","0","0","290","52.4","343.51"
"17-Mar-26","OPT-NIFTY-17-Mar-2026-23200-P-E-I","NSE","Buy","650","4.25","2762.5","#202603172700015694","0","0.98","0","0","290","52.38","343.36"
"17-Mar-26","OPT-NIFTY-17-Mar-2026-23200-P-E-I","NSE","Buy","650","4.3","2795","#202603172700015665","0","1","0","0","290","52.38","343.38"
"17-Mar-26","OPT-NIFTY-17-Mar-2026-23200-P-E-I","NSE","Buy","650","4.3","2795","#202603172700015651","0","0.99","0","0","290","52.38","343.37"
"17-Mar-26","OPT-NIFTY-17-Mar-2026-23200-P-E-I","NSE","Buy","650","4.35","2827.5","#202603172700015634","0","1","1","0","290","52.38","344.38"
"17-Mar-26","OPT-NIFTY-17-Mar-2026-23200-P-E-I","NSE","Buy","650","4.8","3120","#202603172700010051","0","1.11","0","0","290","52.4","343.51"
"17-Mar-26","OPT-NIFTY-17-Mar-2026-23200-P-E-I","NSE","Buy","650","4.65","3022.5","#202603172700010012","0","1.08","0","0","290","52.4","343.48"
"17-Mar-26","OPT-NIFTY-17-Mar-2026-23200-P-E-I","NSE","Buy","650","4.8","3120","#202603172700009963","0","1.11","0","0","290","52.4","343.51"
"17-Mar-26","OPT-NIFTY-17-Mar-2026-23200-P-E-I","NSE","Sell","1300","1.2","1560","#202603172700019640","1.56","0.55","0","0","580","104.5","686.61"
"17-Mar-26","OPT-NIFTY-17-Mar-2026-23200-P-E-I","NSE","Sell","1300","1.4","1820","#202603172700019570","1.8","0.65","0","0","580","104.52","686.97"
"17-Feb-26","OPT-NIFTY-17-Feb-2026-25750-P-E-I","NSE","Buy","130","37.5","4875","#202602172700022984","0","1.73","0.15","0","58","10.76","70.64"
"17-Feb-26","OPT-NIFTY-17-Feb-2026-25750-P-E-I","NSE","Sell","130","13.05","1696.5","#202602172700023141","1.7","0.6","0","0","58","10.54","70.84"
"17-Feb-26","OPT-NIFTY-17-Feb-2026-25550-C-E-I","NSE","Buy","65","65.8","4277","#202602172700002118","0","1.52","0.85","0","29","5.5","36.87"
"17-Feb-26","OPT-NIFTY-17-Feb-2026-25550-C-E-I","NSE","Sell","65","76.45","4969.25","#202602172700002346","4.69","1.77","0","0.01","29","5.54","41.01"
"17-Feb-26","OPT-NIFTY-17-Feb-2026-25550-C-E-I","NSE","Buy","65","116.9","7598.5","#202602172700009894","0","2.7","0","0.01","29","5.7","37.41"
"17-Feb-26","OPT-NIFTY-17-Feb-2026-25550-C-E-I","NSE","Sell","65","147.9","9613.5","#202602172700010664","9.61","3.42","0","0.01","29","5.84","47.88"
"16-Mar-26","OPT-NIFTY-17-Mar-2026-23500-C-E-I","NSE","Sell","1040","31.65","32916","#202603162700006846","33","11.7","0","0.03","464","85.64","594.37"
"16-Feb-26","OPT-ICICIBANK-24-Feb-2026-1380-P-E-S","NSE","Sell","2100","3.9","8190","#202602162700016857","8","2.91","0","0","87","16.2","114.11"
"15-May-25","OPT-NIFTY-15-May-2025-24650-P-E-I","NSE","Buy","75","73","5475","#202505153700016057","0","1.95","0","0.01","29","5.58","36.54"
"15-May-25","OPT-NIFTY-15-May-2025-24650-P-E-I","NSE","Buy","750","21.25","15937.5","#202505153700020609","0","5.67","1.74","0.02","290","53.24","350.67"
"15-May-25","OPT-NIFTY-15-May-2025-24650-P-E-I","NSE","Sell","300","18.85","5655","#202505153700020206","5.65","2","0","0","116","21.26","144.91"
"15-May-25","OPT-NIFTY-15-May-2025-24550-C-E-I","NSE","Buy","75","114.9","8617.5","#202505153700012471","0","3.06","0.26","0.01","29","5.78","38.11"
"15-May-25","OPT-NIFTY-15-May-2025-24550-C-E-I","NSE","Sell","75","131.5","9862.5","#202505153700014098","9.87","3.5","0","0.01","29","5.86","48.24"
"15-May-25","OPT-NIFTY-15-May-2025-24650-P-E-I","NSE","Buy","75","99.2","7440","#202505153700015627","0","2.64","0","0.01","29","5.7","37.35"
"15-May-25","OPT-NIFTY-15-May-2025-24650-P-E-I","NSE","Sell","750","16.25","12187.5","#202505153700021703","12.19","4.33","0","0.01","290","52.98","359.51"
"15-May-25","OPT-NIFTY-15-May-2025-24650-P-E-I","NSE","Sell","150","95.25","14287.5","#202505153700016785","14.29","5.08","0","0.01","58","11.36","88.74"
"15-May-25","OPT-NIFTY-15-May-2025-24650-P-E-I","NSE","Buy","150","81","12150","#202505153700017843","0","4.32","0","0.01","58","11.22","73.55"
"15-May-25","OPT-NIFTY-15-May-2025-24650-P-E-I","NSE","Buy","150","38.25","5737.5","#202505153700019566","0","2.04","0","0.01","58","10.8","70.85"
"15-Apr-25","OPT-NIFTY-17-Apr-2025-22750-P-E-I","NSE","Sell","150","17.7","2655","#202504153700004658","3","0.94","0","0","58","10.6","72.54"
"15-Apr-25","OPT-NIFTY-17-Apr-2025-22750-P-E-I","NSE","Buy","75","23","1725","#202504153700003201","0","0.61","0","0","29","5.32","34.93"
"15-Apr-25","OPT-NIFTY-17-Apr-2025-22750-P-E-I","NSE","Buy","75","23.5","1762.5","#202504153700003067","0","0.63","0","0","29","5.34","34.97"
"14-Nov-25","OPT-NIFTY-18-Nov-2025-25750-P-E-I","NSE","Buy","75","76.35","5726.25","#202511143700018296","0","2.03","0","0.01","29","5.58","36.62"
"14-Nov-25","OPT-NIFTY-18-Nov-2025-25750-P-E-I","NSE","Sell","150","74.9","11235","#202511143700019554","11","4","0","0.02","58","11.16","84.18"
"14-Nov-25","OPT-NIFTY-18-Nov-2025-25750-P-E-I","NSE","Buy","75","62.95","4721.25","#202511143700018575","0","1.68","0","0","29","5.52","36.2"
"13-Nov-25","OPT-NIFTY-18-Nov-2025-25850-P-E-I","NSE","Sell","75","119","8925","#202511132600000650","9","3.17","0","0.01","29","5.8","46.98"
"13-Mar-26","OPT-NIFTY-17-Mar-2026-23400-P-E-I","NSE","Buy","130","197.8","25714","#202603132700001651","0","9.14","0","0.03","58","12.08","79.25"
"13-Mar-26","OPT-NIFTY-17-Mar-2026-23400-P-E-I","NSE","Sell","65","244.9","15918.5","#202603132700003209","15.57","5.66","0","0.02","29","6.24","56.49"
"13-Mar-26","OPT-NIFTY-17-Mar-2026-23400-P-E-I","NSE","Sell","715","249.9","178678.5","#202603132700003260","178.67","63.47","0","0.19","319","68.86","630.19"
"13-Mar-26","OPT-NIFTY-17-Mar-2026-23500-C-E-I","NSE","Buy","130","192.25","24992.5","#202603132700008018","0","8.88","0","0.03","58","12.04","78.95"
"13-Mar-26","OPT-NIFTY-17-Mar-2026-23500-C-E-I","NSE","Buy","130","189.25","24602.5","#202603132700008071","0","8.74","0","0.02","58","12.02","78.78"
"13-Mar-26","OPT-NIFTY-17-Mar-2026-23500-C-E-I","NSE","Buy","130","176","22880","#202603132700008286","0","8.12","0","0.02","58","11.92","78.06"
"13-Mar-26","OPT-NIFTY-17-Mar-2026-23500-C-E-I","NSE","Buy","130","174.35","22665.5","#202603132700008321","0","8.06","0","0.02","58","11.88","77.96"
"13-Mar-26","OPT-NIFTY-17-Mar-2026-23500-C-E-I","NSE","Buy","130","174.45","22678.5","#202603132700008346","0","8.06","0","0.02","58","11.88","77.96"
"13-Mar-26","OPT-NIFTY-17-Mar-2026-23500-C-E-I","NSE","Buy","130","172.3","22399","#202603132700008388","0","7.96","0","0.02","58","11.88","77.86"
"13-Mar-26","OPT-NIFTY-17-Mar-2026-23500-C-E-I","NSE","Buy","130","167.35","21755.5","#202603132700008446","0","7.72","0","0.02","58","11.84","77.58"
"13-Mar-26","OPT-NIFTY-17-Mar-2026-23500-C-E-I","NSE","Buy","130","163.35","21235.5","#202603132700008787","0","7.54","0","0.02","58","11.8","77.36"
"13-Mar-26","OPT-NIFTY-17-Mar-2026-23500-C-E-I","NSE","Sell","1040","143.05","148755.75","#202603132700009118","148.77","52.84","0","0.16","464","93.1","758.87"
"13-Mar-26","OPT-NIFTY-17-Mar-2026-23500-C-E-I","NSE","Buy","1040","148.4","154336","#202603132700009380","0","54.84","9.99","0.15","464","93.42","622.4"
"13-Mar-26","OPT-NIFTY-17-Mar-2026-23400-P-E-I","NSE","Buy","325","219.76","71425.25","#202603132700001352","0","25.38","0","0.07","145","30.7","201.15"
"13-Mar-26","OPT-NIFTY-17-Mar-2026-23400-P-E-I","NSE","Buy","325","214.81","69819.75","#202603132700001400","0","24.81","5.01","0.06","145","30.58","205.46"
"13-Jan-26","OPT-NIFTY-20-Jan-2026-26050-C-E-I","NSE","Buy","65","67.25","4371.25","#202601133100025909","0","1.55","0","0","29","5.5","36.05"
"12-Nov-25","OPT-NIFTY-18-Nov-2025-25850-P-E-I","NSE","Buy","75","97.35","7301.25","#202511123700013669","0","2.59","0","0.01","29","5.68","37.28"
"12-Nov-25","OPT-NIFTY-18-Nov-2025-25950-C-E-I","NSE","Sell","75","102.1","7657.5","#202511123700009214","8","2.72","0","0.01","29","5.72","45.45"
"12-Nov-25","OPT-NIFTY-18-Nov-2025-25950-C-E-I","NSE","Buy","75","113.35","8501.25","#202511123700007622","0","3.02","0","0.01","29","5.76","37.79"
"12-Mar-26","OPT-NIFTY-17-Mar-2026-23650-C-E-I","NSE","Buy","130","282.1","36673","#202603122700003108","0","13.02","0","0.04","58","12.8","83.86"
"12-Mar-26","OPT-NIFTY-17-Mar-2026-23650-C-E-I","NSE","Buy","65","265.25","17241.25","#202603122700003389","0","6.13","0","0.02","29","6.32","41.47"
"12-Mar-26","OPT-NIFTY-17-Mar-2026-23650-C-E-I","NSE","Sell","585","299.9","175441.5","#202603122700007367","175.39","62.34","0","0.18","261","58.24","557.15"
"12-Mar-26","OPT-NIFTY-17-Mar-2026-23650-P-E-I","NSE","Buy","65","202","13130","#202603122700008059","0","4.67","0","0.01","29","6.06","39.74"
"12-Mar-26","OPT-NIFTY-17-Mar-2026-23650-P-E-I","NSE","Sell","130","197.05","25616.5","#202603122700008261","25.62","9.1","0","0.02","58","12.08","104.82"
"12-Mar-26","OPT-NIFTY-17-Mar-2026-23650-C-E-I","NSE","Buy","130","282.1","36673","#202603122700003072","0","13.03","5.2","0.04","58","12.8","89.07"
"12-Mar-26","OPT-NIFTY-17-Mar-2026-23650-C-E-I","NSE","Buy","130","291.7","37921","#202603122700003050","0","13.48","0","0.04","58","12.88","84.4"
"12-Mar-26","OPT-NIFTY-17-Mar-2026-23650-C-E-I","NSE","Buy","130","292.15","37979.5","#202603122700003011","0","13.5","0","0.04","58","12.88","84.42"
"12-Mar-26","OPT-NIFTY-17-Mar-2026-23650-P-E-I","NSE","Buy","65","209.85","13640.25","#202603122700008040","0","4.85","0.8","0.01","29","6.1","40.76"
"12-Feb-26","OPT-ICICIBANK-24-Feb-2026-1380-P-E-S","NSE","Buy","1400","3.1","4340","#202602122700002139","0","1.54","0","0","58","10.72","70.26"
"12-Dec-25","OPT-NIFTY-16-Dec-2025-25800-P-E-I","NSE","Sell","750","13","9750","#202512123700036144","10","3.46","0","0.01","290","52.82","356.29"
"12-Dec-25","OPT-NIFTY-16-Dec-2025-25800-P-E-I","NSE","Buy","150","18.1","2715","#202512123700020712","0","0.96","0","0","58","10.62","69.58"
"12-Dec-25","OPT-NIFTY-16-Dec-2025-25800-P-E-I","NSE","Buy","150","19.25","2887.5","#202512123700018183","0","1.02","0","0","58","10.64","69.66"
"12-Dec-25","OPT-NIFTY-16-Dec-2025-25800-P-E-I","NSE","Buy","150","21.25","3187.5","#202512123700016184","0","1.13","0","0","58","10.64","69.77"
"12-Dec-25","OPT-NIFTY-16-Dec-2025-25800-P-E-I","NSE","Buy","75","29.1","2182.5","#202512122600001017","0","0.78","0","0","29","5.36","35.14"
"12-Dec-25","OPT-NIFTY-16-Dec-2025-25800-P-E-I","NSE","Buy","75","21.25","1593.75","#202512123700010037","0","0.57","0","0","29","5.32","34.89"
"12-Aug-25","OPT-NIFTY-14-Aug-2025-24700-C-E-I","NSE","Buy","75","82.3","6172.5","#202508123700006526","0","2.19","0","0.01","29","5.62","36.82"
"12-Aug-25","OPT-NIFTY-14-Aug-2025-24700-C-E-I","NSE","Buy","150","66.05","9907.5","#202508123700006900","0","3.52","1","0.01","58","11.08","73.61"
"12-Aug-25","OPT-NIFTY-14-Aug-2025-24700-C-E-I","NSE","Buy","225","44.3","9967.5","#202508123700010646","0","3.54","0","0.01","87","16.3","106.85"
"12-Aug-25","OPT-NIFTY-14-Aug-2025-24700-C-E-I","NSE","Sell","450","59.65","26842.5","#202508123700012255","27","9.54","0","0.02","174","33.04","243.6"
"11-Mar-26","OPT-NIFTY-17-Mar-2026-24050-P-E-I","NSE","Buy","65","190.4","12376","#202603112700001848","0","4.4","0","0.01","29","6.02","39.43"
"11-Mar-26","OPT-NIFTY-17-Mar-2026-24050-P-E-I","NSE","Buy","325","190","61750","#202603112700001867","0","21.94","3","0.06","145","30.08","200.08"
"11-Mar-26","OPT-NIFTY-17-Mar-2026-24050-P-E-I","NSE","Buy","195","188.32","36728.25","#202603112700002127","0","13.05","0","0.03","87","18.02","118.1"
"11-Mar-26","OPT-NIFTY-17-Mar-2026-24050-P-E-I","NSE","Sell","585","219.9","128641.5","#202603112700002841","129","45.72","0","0.12","261","55.26","491.1"
"11-Feb-26","OPT-ICICIBANK-24-Feb-2026-1380-P-E-S","NSE","Buy","700","5.15","3605","#202602112700002859","0","1.28","0","0","29","5.46","35.74"
"11-Dec-25","OPT-NIFTY-16-Dec-2025-25800-P-E-I","NSE","Buy","75","82.25","6168.75","#202512113700015729","0","2.19","0","0.01","29","5.62","36.82"
"11-Dec-25","OPT-NIFTY-16-Dec-2025-25800-P-E-I","NSE","Buy","75","61.25","4593.75","#202512113700024410","0","1.63","0","0","29","5.52","36.15"
"10-Sep-25","OPT-NIFTY-16-Sep-2025-25000-C-E-I","NSE","Buy","75","128.5","9637.5","#202509103700012844","0","3.42","0","0.01","29","5.84","38.27"
"10-Sep-25","OPT-NIFTY-16-Sep-2025-25000-C-E-I","NSE","Buy","75","125.05","9378.75","#202509103700012986","0","3.33","0","0.01","29","5.82","38.16"
"10-Sep-25","OPT-NIFTY-16-Sep-2025-25000-C-E-I","NSE","Sell","150","118.7","17805","#202509103700013364","17.4","6.33","0","0.02","58","11.58","93.33"
"10-Sep-25","OPT-NIFTY-16-Sep-2025-25000-C-E-I","NSE","Buy","150","121.9","18285","#202509103700013511","0","6.5","1.39","0.02","58","11.62","77.53"
"10-Sep-25","OPT-NIFTY-16-Sep-2025-25000-C-E-I","NSE","Sell","150","119","17850","#202509103700013709","17.85","6.34","0","0.02","58","11.58","93.79"
"10-Sep-25","OPT-NIFTY-16-Sep-2025-24950-P-E-I","NSE","Buy","225","90.8","20430","#202509103700014737","0","7.26","0.61","0.02","87","16.98","111.87"
"10-Sep-25","OPT-NIFTY-16-Sep-2025-24950-P-E-I","NSE","Sell","225","87.8","19755","#202509103700014903","19.76","7.02","0","0.02","87","16.92","130.72"
"10-Nov-25","OPT-NIFTY-11-Nov-2025-25650-P-E-I","NSE","Buy","75","68.3","5122.5","#202511103700012854","0","1.82","0","0.01","29","5.54","36.37"
"10-Nov-25","OPT-NIFTY-11-Nov-2025-25650-P-E-I","NSE","Sell","75","64.25","4818.75","#202511103700012959","4.64","1.71","0","0","29","5.52","40.87"
"10-Nov-25","OPT-NIFTY-11-Nov-2025-25600-C-E-I","NSE","Buy","75","80.55","6041.25","#202511103700015958","0","2.15","0","0.01","29","5.6","36.76"
"10-Nov-25","OPT-NIFTY-11-Nov-2025-25600-C-E-I","NSE","Sell","75","84.85","6363.75","#202511103700016322","6.36","2.26","0","0.01","29","5.62","43.25"
"09-Sep-25","OPT-NIFTY-09-Sep-2025-24850-C-E-I","NSE","Sell","750","52.95","39712.5","#202509093700006739","39.28","14.1","0","0.02","290","54.76","398.16"
"09-Sep-25","OPT-NIFTY-09-Sep-2025-24850-C-E-I","NSE","Buy","750","47.05","35287.5","#202509093700005552","0","12.54","1.06","0.04","290","54.48","358.12"
"09-Sep-25","OPT-NIFTY-09-Sep-2025-24750-P-E-I","NSE","Sell","900","3.45","3105","#202509093700032000","3.11","1.1","0","0","348","62.84","415.05"
"09-Sep-25","OPT-NIFTY-09-Sep-2025-24750-P-E-I","NSE","Sell","1500","3.65","5475","#202509093700031951","5.48","1.95","0","0.01","580","104.76","692.2"
"09-Sep-25","OPT-NIFTY-09-Sep-2025-24750-P-E-I","NSE","Sell","1500","3.3","4950","#202509093700031817","4.95","1.76","0","0","580","104.72","691.43"
"09-Sep-25","OPT-NIFTY-09-Sep-2025-24750-P-E-I","NSE","Sell","1500","3.4","5100","#202509093700031713","5.1","1.81","0","0","580","104.74","691.65"
"09-Sep-25","OPT-NIFTY-09-Sep-2025-24750-P-E-I","NSE","Buy","1350","9.25","12487.5","#202509093700024548","0","4.44","0","0.01","522","94.76","621.21"
"09-Sep-25","OPT-NIFTY-09-Sep-2025-24750-P-E-I","NSE","Buy","1350","10.7","14445","#202509093700022732","0","5.14","0","0.01","522","94.88","622.03"
"09-Sep-25","OPT-NIFTY-09-Sep-2025-24850-P-E-I","NSE","Buy","450","53.25","23962.5","#202509093700011365","0","8.51","0.72","0.02","174","32.86","216.11"
"09-Sep-25","OPT-NIFTY-09-Sep-2025-24850-P-E-I","NSE","Sell","450","57.95","26077.5","#202509093700011440","26.09","9.26","0","0.02","174","33","242.37"
"09-Sep-25","OPT-NIFTY-09-Sep-2025-24750-P-E-I","NSE","Buy","1350","16.3","22005","#202509093700021666","0","7.81","0","0.02","522","95.36","625.19"
"09-Sep-25","OPT-NIFTY-09-Sep-2025-24750-P-E-I","NSE","Buy","1350","14.25","19237.5","#202509093700021839","0","6.84","2.22","0.02","522","95.2","626.28"
"09-Mar-26","OPT-NIFTY-10-Mar-2026-23750-C-E-I","NSE","Buy","65","241.55","15700.75","#202603092700005636","0","5.58","0","0.02","29","6.22","40.82"
"09-Mar-26","OPT-NIFTY-10-Mar-2026-23750-C-E-I","NSE","Buy","65","266.3","17309.5","#202603092700005282","0","6.15","0","0.02","29","6.34","41.51"
"09-Mar-26","OPT-NIFTY-10-Mar-2026-23750-C-E-I","NSE","Buy","65","258.7","16815.5","#202603092700007658","0","5.97","0","0.02","29","6.3","41.29"
"09-Mar-26","OPT-NIFTY-10-Mar-2026-23750-C-E-I","NSE","Buy","65","241.6","15704","#202603092700007700","0","5.58","3","0.02","29","6.22","43.82"
"09-Mar-26","OPT-NIFTY-10-Mar-2026-23750-C-E-I","NSE","Sell","390","309.9","120861","#202603092700012734","120.99","42.95","0","0.12","174","39.1","377.16"
"09-Mar-26","OPT-NIFTY-10-Mar-2026-23750-C-E-I","NSE","Buy","65","230.25","14966.25","#202603092700006420","0","5.32","0","0.02","29","6.18","40.52"
"09-Mar-26","OPT-NIFTY-10-Mar-2026-23750-C-E-I","NSE","Buy","65","221.05","14368.25","#202603092700006559","0","5.11","0","0.01","29","6.14","40.26"
"09-Apr-25","OPT-NIFTY-09-Apr-2025-22400-P-E-I","NSE","Sell","900","4.15","3735","#202504093700020424","3.74","1.32","0","0","348","62.88","415.94"
"09-Apr-25","OPT-NIFTY-09-Apr-2025-22400-P-E-I","NSE","Buy","450","8.75","3937.5","#202504093700017156","0","1.4","0.55","0","174","31.58","207.53"
"09-Apr-25","OPT-NIFTY-09-Apr-2025-22500-C-E-I","NSE","Sell","750","7.25","5437.5","#202504093700017088","5.44","1.93","0","0.01","290","52.54","349.92"
"09-Apr-25","OPT-NIFTY-09-Apr-2025-22500-C-E-I","NSE","Buy","750","9.6","7200","#202504093700017000","0","2.55","0.22","0","290","52.66","345.43"
"09-Apr-25","OPT-NIFTY-09-Apr-2025-22400-P-E-I","NSE","Buy","75","9.25","693.75","#202504093700016598","0","0.25","0","0","29","5.26","34.51"
"09-Apr-25","OPT-NIFTY-09-Apr-2025-22400-P-E-I","NSE","Buy","75","13.15","986.25","#202504093700015487","0","0.35","0","0","29","5.28","34.63"
"09-Apr-25","OPT-NIFTY-09-Apr-2025-22400-P-E-I","NSE","Buy","75","19.3","1447.5","#202504093700014578","0","0.51","0","0","29","5.32","34.83"
"09-Apr-25","OPT-NIFTY-09-Apr-2025-22400-C-E-I","NSE","Sell","75","28.15","2111.25","#202504093700014289","2.11","0.75","0","0","29","5.36","37.22"
"09-Apr-25","OPT-NIFTY-09-Apr-2025-22400-C-E-I","NSE","Buy","75","32.2","2415","#202504093700014210","0","0.86","0","0","29","5.38","35.24"
"09-Apr-25","OPT-NIFTY-09-Apr-2025-22400-P-E-I","NSE","Buy","75","23.4","1755","#202504093700013953","0","0.62","0","0","29","5.34","34.96"
"09-Apr-25","OPT-NIFTY-09-Apr-2025-22400-P-E-I","NSE","Buy","75","28.15","2111.25","#202504093700012838","0","0.75","0","0","29","5.36","35.11"
"09-Apr-25","OPT-NIFTY-09-Apr-2025-22400-P-E-I","NSE","Buy","75","69.05","5178.75","#202504093700008064","0","1.84","0","0.01","29","5.56","36.41"
"09-Apr-25","OPT-NIFTY-09-Apr-2025-22400-C-E-I","NSE","Sell","75","83.25","6243.75","#202504093700007105","6.24","2.22","0","0.01","29","5.62","43.09"
"09-Apr-25","OPT-NIFTY-09-Apr-2025-22400-C-E-I","NSE","Buy","75","68.1","5107.5","#202504093700006957","0","1.81","0.23","0.01","29","5.54","36.59"
"09-Apr-25","OPT-NIFTY-09-Apr-2025-22400-P-E-I","NSE","Buy","75","83.3","6247.5","#202504093700006200","0","2.22","0","0.01","29","5.62","36.85"
"09-Apr-25","OPT-NIFTY-09-Apr-2025-22400-P-E-I","NSE","Sell","75","81","6075","#202504093700006425","6.47","2.16","0","0.01","29","5.62","43.26"
"08-Sep-25","OPT-NIFTY-09-Sep-2025-24750-P-E-I","NSE","Sell","75","21.95","1646.25","#202509083700029705","1.65","0.58","0","0","29","5.32","36.55"
"08-Sep-25","OPT-NIFTY-09-Sep-2025-24750-P-E-I","NSE","Sell","975","18.25","17793.75","#202509083700033845","17.81","6.33","0","0.02","377","69.02","470.18"
"08-Sep-25","OPT-NIFTY-09-Sep-2025-24750-P-E-I","NSE","Sell","150","19.95","2992.5","#202509083700029135","2.99","1.06","0","0","58","10.64","72.69"
"08-Sep-25","OPT-NIFTY-09-Sep-2025-24750-P-E-I","NSE","Buy","450","30.4","13680","#202509083700016674","0","4.86","0","0.01","174","32.2","211.07"
"08-Sep-25","OPT-NIFTY-09-Sep-2025-24750-P-E-I","NSE","Buy","450","31.9","14355","#202509083700016156","0","5.1","2","0.01","174","32.24","213.35"
"08-Sep-25","OPT-NIFTY-09-Sep-2025-24750-P-E-I","NSE","Buy","450","41.05","18472.5","#202509083700014695","0","6.56","0","0.02","174","32.5","213.08"
"08-Sep-25","OPT-NIFTY-09-Sep-2025-24750-P-E-I","NSE","Sell","900","37.95","34155","#202509083700011120","34.42","12.14","0","0.03","348","64.84","459.43"
"08-Sep-25","OPT-NIFTY-09-Sep-2025-24750-P-E-I","NSE","Buy","450","34.95","15727.5","#202509083700010728","0","5.58","0","0.02","174","32.32","211.92"
"08-Sep-25","OPT-NIFTY-09-Sep-2025-24750-P-E-I","NSE","Buy","450","38.65","17392.5","#202509083700010231","0","6.18","0","0.01","174","32.42","212.61"
"08-Sep-25","OPT-NIFTY-09-Sep-2025-24750-P-E-I","NSE","Sell","150","20.95","3142.5","#202509083700029191","3.14","1.12","0","0","58","10.64","72.9"
"08-May-25","OPT-NIFTY-08-May-2025-24400-P-E-I","NSE","Sell","225","10.2","2295","#202505083700011713","2.3","0.81","0","0","87","15.8","105.91"
"08-May-25","OPT-NIFTY-08-May-2025-24400-P-E-I","NSE","Buy","225","11.65","2621.25","#202505083700011579","0","0.93","0","0","87","15.82","103.75"
"08-May-25","OPT-NIFTY-08-May-2025-24400-P-E-I","NSE","Sell","300","11.35","3405","#202505083700010422","3.7","1.2","0","0","116","21.1","142"
"08-May-25","OPT-NIFTY-08-May-2025-24400-P-E-I","NSE","Buy","75","16.35","1226.25","#202505083700009329","0","0.44","0","0","29","5.3","34.74"
"08-May-25","OPT-NIFTY-08-May-2025-24400-P-E-I","NSE","Buy","75","24.85","1863.75","#202505083700007209","0","0.66","0","0","29","5.34","35"
"08-May-25","OPT-NIFTY-08-May-2025-24400-P-E-I","NSE","Buy","150","37.45","5617.5","#202505083700006575","0","2","0","0.01","58","10.8","70.81"
"08-Dec-25","OPT-NIFTY-09-Dec-2025-26100-P-E-I","NSE","Sell","75","77.25","5793.75","#202512083700013987","6","2.06","0","0.01","29","5.6","42.67"
"08-Apr-25","OPT-NIFTY-09-Apr-2025-22350-C-E-I","NSE","Buy","75","154.2","11565","#202504083700009315","0","4.11","0","0.01","29","5.96","39.08"
"08-Apr-25","OPT-NIFTY-09-Apr-2025-22350-C-E-I","NSE","Sell","75","167.95","12596.25","#202504083700009580","12.65","4.48","0","0.01","29","6.02","52.16"
"08-Apr-25","OPT-NIFTY-09-Apr-2025-22350-P-E-I","NSE","Buy","75","138.5","10387.5","#202504083700011344","0","3.69","0.89","0.01","29","5.88","39.47"
"08-Apr-25","OPT-NIFTY-09-Apr-2025-22350-P-E-I","NSE","Sell","75","149.8","11235","#202504083700011365","11.24","3.99","0","0.01","29","5.94","50.18"
"08-Apr-25","OPT-NIFTY-09-Apr-2025-22350-C-E-I","NSE","Buy","75","215.85","16188.75","#202504083700011844","0","5.75","0.83","0.02","29","6.26","41.86"
"08-Apr-25","OPT-NIFTY-09-Apr-2025-22350-C-E-I","NSE","Sell","75","228.5","17137.5","#202504083700012620","17.14","6.09","0","0.02","29","6.32","58.57"
"08-Apr-25","OPT-NIFTY-09-Apr-2025-22350-P-E-I","NSE","Buy","75","160.25","12018.75","#202504083700013472","0","4.27","0","0.01","29","6","39.28"
"08-Apr-25","OPT-NIFTY-09-Apr-2025-22350-P-E-I","NSE","Sell","75","90.1","6757.5","#202504083700015587","6.76","2.4","0","0.01","29","5.66","43.83"
"08-Apr-25","OPT-NIFTY-09-Apr-2025-22350-P-E-I","NSE","Buy","75","102.1","7657.5","#202504083700016377","0","2.72","0","0.01","29","5.72","37.45"
"08-Apr-25","OPT-NIFTY-09-Apr-2025-22350-P-E-I","NSE","Sell","75","98.65","7398.75","#202504083700016818","7.4","2.63","0","0.01","29","5.7","44.74"
"08-Apr-25","OPT-NIFTY-09-Apr-2025-22350-P-E-I","NSE","Buy","75","101.25","7593.75","#202504083700019480","0","2.7","0","0.01","29","5.7","37.41"
"08-Apr-25","OPT-NIFTY-09-Apr-2025-22350-P-E-I","NSE","Sell","75","131.25","9843.75","#202504083700019683","9.84","3.5","0","0.01","29","5.86","48.21"
"08-Apr-25","OPT-NIFTY-09-Apr-2025-22650-C-E-I","NSE","Buy","75","122.7","9202.5","#202504083700021012","0","3.27","0.28","0.01","29","5.82","38.38"
"08-Apr-25","OPT-NIFTY-09-Apr-2025-22650-C-E-I","NSE","Sell","75","139.7","10477.5","#202504083700021049","10.48","3.72","0","0.01","29","5.9","49.11"
"08-Apr-25","OPT-NIFTY-09-Apr-2025-22350-P-E-I","NSE","Buy","75","92.25","6918.75","#202504083700022105","0","2.46","0","0.01","29","5.66","37.13"
"08-Apr-25","OPT-NIFTY-09-Apr-2025-22350-P-E-I","NSE","Sell","75","86.7","6502.5","#202504083700022230","6.5","2.31","0","0.01","29","5.64","43.46"
"07-May-25","OPT-NIFTY-08-May-2025-24300-C-E-I","NSE","Buy","150","99.75","14962.5","#202505073700009114","0","5.32","0","0.01","58","11.4","74.73"
"07-May-25","OPT-NIFTY-08-May-2025-24300-C-E-I","NSE","Sell","150","91.4","13710","#202505073700009035","13.72","4.88","0","0.02","58","11.32","87.94"
"07-May-25","OPT-NIFTY-08-May-2025-24300-C-E-I","NSE","Buy","150","91.6","13740","#202505073700008527","0","4.88","1","0.01","58","11.32","75.21"
"07-May-25","OPT-NIFTY-08-May-2025-24300-C-E-I","NSE","Sell","150","78.05","11707.5","#202505073700008461","11.77","4.16","0","0.02","58","11.2","85.15"
"07-May-25","OPT-NIFTY-08-May-2025-24300-C-E-I","NSE","Buy","75","85.2","6390","#202505073700007600","0","2.27","0","0.01","29","5.64","36.92"
"07-May-25","OPT-NIFTY-08-May-2025-24300-C-E-I","NSE","Buy","75","118","8850","#202505073700006263","0","3.14","0","0.01","29","5.78","37.93"
"07-May-25","OPT-NIFTY-08-May-2025-24300-C-E-I","NSE","Sell","150","103.45","15517.5","#202505073700009231","15.52","5.51","0","0.02","58","11.44","90.49"
"07-Apr-25","OPT-NIFTY-09-Apr-2025-22850-C-E-I","NSE","Sell","525","24.15","12678.75","#202504073700021629","12.67","4.51","0","0.01","203","37.36","257.55"
"07-Apr-25","OPT-NIFTY-09-Apr-2025-21500-P-E-I","NSE","Buy","75","142.8","10710","#202504073700021653","0","3.81","0","0.01","29","5.9","38.72"
"07-Apr-25","OPT-NIFTY-09-Apr-2025-21500-P-E-I","NSE","Sell","150","156.85","23527.5","#202504073700022063","23.24","8.36","0","0.02","58","11.94","101.56"
"07-Apr-25","OPT-NIFTY-09-Apr-2025-22850-C-E-I","NSE","Buy","525","25.02","13147.5","#202504073700021511","0","4.68","1.02","0.01","203","37.38","246.09"
"07-Apr-25","OPT-NIFTY-09-Apr-2025-21500-P-E-I","NSE","Buy","75","160.25","12018.75","#202504073700020729","0","4.27","0","0.01","29","6","39.28"
"07-Apr-25","OPT-NIFTY-09-Apr-2025-21500-P-E-I","NSE","Sell","75","139.45","10458.75","#202504073700007675","10.46","3.72","0","0.01","29","5.9","49.09"
"07-Apr-25","OPT-NIFTY-09-Apr-2025-21500-P-E-I","NSE","Buy","75","131.7","9877.5","#202504073700007635","0","3.51","0.98","0.01","29","5.86","39.36"
"07-Apr-25","OPT-NIFTY-09-Apr-2025-22850-C-E-I","NSE","Sell","525","26.1","13702.5","#202504073700004058","13.72","4.89","0","0","203","37.4","259.01"
"07-Apr-25","OPT-NIFTY-09-Apr-2025-22850-C-E-I","NSE","Sell","525","37.95","19923.75","#202504073700003414","19.93","7.07","0","0.02","203","37.8","267.82"
"07-Apr-25","OPT-NIFTY-09-Apr-2025-22850-C-E-I","NSE","Buy","525","33.26","17463.75","#202504073700000705","0","6.22","0","0","203","37.66","246.88"
"07-Apr-25","OPT-NIFTY-09-Apr-2025-22850-C-E-I","NSE","Buy","525","18.25","9581.25","#202504073700001225","0","3.41","0","0.01","203","37.14","243.56"
"06-Mar-26","OPT-NIFTY-10-Mar-2026-24500-P-E-I","NSE","Buy","65","157.15","10214.75","#202603062700001296","0","3.63","0","0.01","29","5.88","38.52"
"06-Mar-26","OPT-NIFTY-10-Mar-2026-24500-P-E-I","NSE","Sell","910","194.9","177359","#202603062700009844","177.36","63.01","0","0.18","406","84.46","731.01"
"06-Mar-26","OPT-NIFTY-10-Mar-2026-24500-P-E-I","NSE","Buy","130","151.25","19662.5","#202603062700001414","0","6.99","0","0.02","58","11.7","76.71"
"06-Mar-26","OPT-NIFTY-10-Mar-2026-24500-P-E-I","NSE","Buy","390","150.55","58714.5","#202603062700001936","0","20.86","0","0.06","174","35.08","230"
"06-Mar-26","OPT-NIFTY-10-Mar-2026-24500-P-E-I","NSE","Buy","130","156.75","20377.5","#202603062700002085","0","7.24","0","0.02","58","11.74","77"
"06-Mar-26","OPT-NIFTY-10-Mar-2026-24500-P-E-I","NSE","Buy","260","157.55","40963","#202603062700002462","0","14.56","0","0.04","116","23.52","154.12"
"06-Mar-26","OPT-NIFTY-10-Mar-2026-24500-P-E-I","NSE","Sell","1105","146.55","161937.75","#202603062700002766","161.86","57.53","0","0.17","493","99.16","811.72"
"06-Mar-26","OPT-NIFTY-10-Mar-2026-24750-C-E-I","NSE","Buy","195","164.35","32048.25","#202603062700003071","0","11.39","0","0.03","87","17.72","116.14"
"06-Mar-26","OPT-NIFTY-10-Mar-2026-24750-C-E-I","NSE","Buy","130","160.1","20813","#202603062700003157","0","7.39","5.57","0.02","58","11.78","82.76"
"06-Mar-26","OPT-NIFTY-10-Mar-2026-24750-C-E-I","NSE","Buy","130","155.75","20247.5","#202603062700003286","0","7.2","0","0.02","58","11.72","76.94"
"06-Mar-26","OPT-NIFTY-10-Mar-2026-24750-C-E-I","NSE","Buy","520","161.25","83850","#202603062700004255","0","29.79","0","0.08","232","47.14","309.01"
"06-Mar-26","OPT-NIFTY-10-Mar-2026-24750-C-E-I","NSE","Buy","195","148.05","28869.75","#202603062700004704","0","10.26","0","0.03","87","17.52","114.81"
"06-Mar-26","OPT-NIFTY-10-Mar-2026-24750-C-E-I","NSE","Sell","1170","138.28","161791.5","#202603062700005545","161.8","57.5","0","0.18","522","104.38","845.86"
"06-Mar-26","OPT-NIFTY-10-Mar-2026-24500-P-E-I","NSE","Buy","910","151.25","137637.5","#202603062700005788","0","48.9","9.43","0.14","406","81.94","546.41"
"06-Mar-26","OPT-NIFTY-10-Mar-2026-24500-P-E-I","NSE","Buy","130","152.45","19818.5","#202603062700001365","0","7.04","0","0.02","58","11.72","76.78"
"05-Sep-25","OPT-NIFTY-09-Sep-2025-24650-P-E-I","NSE","Buy","450","68.3","30735","#202509053700010806","0","10.92","2.41","0.04","174","33.28","220.65"
"05-Sep-25","OPT-NIFTY-09-Sep-2025-24650-P-E-I","NSE","Buy","300","63.8","19140","#202509053700011568","0","6.8","0","0","116","22.08","144.88"
"05-Sep-25","OPT-NIFTY-09-Sep-2025-24650-P-E-I","NSE","Buy","225","60.9","13702.5","#202509053700011699","0","4.87","0","0.01","87","16.54","108.42"
"05-Sep-25","OPT-NIFTY-09-Sep-2025-24650-P-E-I","NSE","Sell","975","69.45","67713.75","#202509053700011778","68.12","24.05","0","0.07","377","72.2","541.44"
"05-Sep-25","OPT-NIFTY-09-Sep-2025-24700-C-E-I","NSE","Buy","150","132.2","19830","#202509053700017968","0","7.04","0.59","0.02","58","11.72","77.37"
"05-Sep-25","OPT-NIFTY-09-Sep-2025-24700-C-E-I","NSE","Sell","150","139.25","20887.5","#202509053700018058","20.89","7.42","0","0.02","58","11.78","98.11"
"05-Jun-25","OPT-NIFTY-05-Jun-2025-24850-C-E-I","NSE","Buy","150","22","3300","#202506053700018371","0","1.17","0","0","58","10.66","69.83"
"05-Jun-25","OPT-NIFTY-05-Jun-2025-24850-C-E-I","NSE","Sell","150","5","750","#202506053700024913","1","0.27","0","0","58","10.48","69.75"
"05-Feb-26","OPT-NIFTY-10-Feb-2026-25750-P-E-I","NSE","Sell","65","201","13065","#202602052700013503","13.07","4.64","0","0.01","29","6.06","52.78"
"05-Feb-26","OPT-NIFTY-10-Feb-2026-25750-P-E-I","NSE","Sell","130","219.9","28587","#202602052600001220","28.59","10.16","0","0.03","58","12.28","109.06"
"05-Feb-26","OPT-NIFTY-10-Feb-2026-25650-C-E-I","NSE","Buy","65","167.6","10894","#202602052700002573","0","3.87","0.65","0.01","29","5.92","39.45"
"05-Feb-26","OPT-NIFTY-10-Feb-2026-25650-C-E-I","NSE","Sell","65","187.9","12213.5","#202602052700002983","12.37","4.34","0","0.01","29","6","51.72"
"05-Feb-26","OPT-NIFTY-10-Feb-2026-25650-C-E-I","NSE","Buy","65","167.05","10858.25","#202602052700004045","0","3.86","0","0.01","29","5.92","38.79"
"05-Feb-26","OPT-NIFTY-10-Feb-2026-25650-C-E-I","NSE","Sell","65","153.5","9977.5","#202602052700004901","9.98","3.55","0","0.01","29","5.86","48.4"
"05-Feb-26","OPT-NIFTY-10-Feb-2026-25750-P-E-I","NSE","Buy","65","200.1","13006.5","#202602052700006177","0","4.62","0","0.01","29","6.06","39.69"
"05-Feb-26","OPT-NIFTY-10-Feb-2026-25750-P-E-I","NSE","Buy","130","202.35","26305.5","#202602052700013840","0","9.35","1.35","0.03","58","12.12","80.85"
"05-Dec-25","OPT-NIFTY-09-Dec-2025-26100-P-E-I","NSE","Buy","75","67.25","5043.75","#202512053700013831","0","1.79","0","0.01","29","5.54","36.34"
"04-Sep-25","OPT-NIFTY-09-Sep-2025-24650-P-E-I","NSE","Buy","375","40.45","15168.75","#202509043700011524","0","5.39","0.92","0.01","145","27.08","178.4"
"04-Sep-25","OPT-NIFTY-09-Sep-2025-24650-P-E-I","NSE","Buy","150","41","6150","#202509043700011274","0","2.19","0","0.01","58","10.84","71.04"
"04-Sep-25","OPT-NIFTY-09-Sep-2025-24650-P-E-I","NSE","Buy","225","41.55","9348.75","#202509043700011379","0","3.32","0","0.01","87","16.26","106.59"
"04-Sep-25","OPT-NIFTY-09-Sep-2025-24650-P-E-I","NSE","Sell","750","39.95","29962.5","#202509043700011561","30.08","10.64","0","0.03","290","54.14","384.89"
"04-Sep-25","OPT-NIFTY-09-Sep-2025-24700-P-E-I","NSE","Buy","450","52.35","23557.5","#202509043700014101","0","8.35","0","0.01","174","32.86","215.22"
"04-Sep-25","OPT-NIFTY-09-Sep-2025-24700-P-E-I","NSE","Buy","450","49.05","22072.5","#202509043700014255","0","7.84","1.08","0.02","174","32.74","215.68"
"04-Sep-25","OPT-NIFTY-09-Sep-2025-24700-P-E-I","NSE","Sell","900","63.25","56925","#202509043700015846","56.93","20.23","0","0.05","348","66.28","491.49"
"04-Nov-25","OPT-NIFTY-04-Nov-2025-25750-P-E-I","NSE","Buy","450","71.25","32062.5","#202511043700005997","0","11.4","1","0.04","174","33.36","219.8"
"04-Nov-25","OPT-NIFTY-04-Nov-2025-25750-P-E-I","NSE","Sell","450","78.9","35505","#202511043700006125","36","12.61","0","0.04","174","33.6","256.25"
"04-Jul-25","OPT-NIFTY-10-Jul-2025-25400-P-E-I","NSE","Sell","375","152.25","57093.75","#202507043700010841","56.97","20.28","0","0.05","145","29.76","252.06"
"04-Jul-25","OPT-NIFTY-10-Jul-2025-25400-P-E-I","NSE","Sell","300","153.45","46035","#202507043700010648","46.04","16.36","0","0.04","116","23.84","202.28"
"04-Jul-25","OPT-NIFTY-10-Jul-2025-25400-P-E-I","NSE","Buy","300","157.7","47310","#202507043700010535","0","16.8","0","0.04","116","23.92","156.76"
"04-Jul-25","OPT-NIFTY-10-Jul-2025-25400-P-E-I","NSE","Buy","375","157.1","58912.5","#202507043700010716","0","20.94","3","0.06","145","29.88","198.88"
"04-Feb-26","OPT-NIFTY-10-Feb-2026-25700-C-E-I","NSE","Buy","65","174.5","11342.5","#202602042700014076","0","4.03","0.34","0.01","29","5.94","39.32"
"04-Feb-26","OPT-NIFTY-10-Feb-2026-25700-C-E-I","NSE","Sell","65","174","11310","#202602042700014241","11.31","4.02","0","0.01","29","5.94","50.28"
"04-Feb-26","OPT-NIFTY-10-Feb-2026-25750-C-E-I","NSE","Sell","65","169.9","11043.5","#202602042700011441","11.04","3.92","0","0.01","29","5.92","49.89"
"04-Feb-26","OPT-NIFTY-10-Feb-2026-25750-C-E-I","NSE","Buy","65","160.25","10416.25","#202602042700011393","0","3.7","0.31","0.01","29","5.88","38.9"
"04-Feb-26","OPT-NIFTY-10-Feb-2026-25800-P-E-I","NSE","Sell","130","199.9","25987","#202602042700004029","25.64","9.24","0","0.02","58","12.12","105.02"
"04-Feb-26","OPT-NIFTY-10-Feb-2026-25800-P-E-I","NSE","Buy","65","179.95","11696.75","#202602042700003717","0","4.16","0","0.01","29","5.98","39.15"
"04-Feb-26","OPT-NIFTY-10-Feb-2026-25800-P-E-I","NSE","Buy","65","190.75","12398.75","#202602042700003071","0","4.41","0.35","0.01","29","6.02","39.79"
"04-Dec-25","OPT-NIFTY-09-Dec-2025-26000-P-E-I","NSE","Sell","75","63.95","4796.25","#202512043700010558","5","1.7","0","0","29","5.52","41.22"
"04-Apr-25","OPT-NIFTY-09-Apr-2025-23000-C-E-I","NSE","Sell","75","133.05","9978.75","#202504043700011100","9.98","3.55","0","0.01","29","5.86","48.4"
"04-Apr-25","OPT-NIFTY-09-Apr-2025-23000-C-E-I","NSE","Buy","75","124.75","9356.25","#202504043700010497","0","3.32","0.28","0.01","29","5.82","38.43"
"04-Apr-25","OPT-NIFTY-09-Apr-2025-22950-P-E-I","NSE","Sell","75","127.25","9543.75","#202504043700013001","9.9","3.39","0","0.01","29","5.84","48.14"
"04-Apr-25","OPT-NIFTY-09-Apr-2025-22900-C-E-I","NSE","Sell","75","112.45","8433.75","#202504043700018117","8.43","3","0","0.01","29","5.76","46.2"
"04-Apr-25","OPT-NIFTY-09-Apr-2025-22950-P-E-I","NSE","Buy","75","119.15","8936.25","#202504043700014621","0","3.18","0","0.01","29","5.8","37.99"
"04-Apr-25","OPT-NIFTY-09-Apr-2025-22950-P-E-I","NSE","Sell","75","137.25","10293.75","#202504043700015164","10.29","3.66","0","0.01","29","5.88","48.84"
"04-Apr-25","OPT-NIFTY-09-Apr-2025-22950-P-E-I","NSE","Sell","75","125.25","9393.75","#202504043700015765","9.39","3.34","0","0.01","29","5.82","47.56"
"04-Apr-25","OPT-NIFTY-09-Apr-2025-22900-C-E-I","NSE","Buy","75","114.25","8568.75","#202504043700018012","0","3.04","0.26","0.01","29","5.76","38.07"
"04-Apr-25","OPT-NIFTY-09-Apr-2025-22950-P-E-I","NSE","Buy","75","121.55","9116.25","#202504043700011423","0","3.24","0.46","0.01","29","5.8","38.51"
"04-Apr-25","OPT-NIFTY-09-Apr-2025-22950-P-E-I","NSE","Buy","75","133.95","10046.25","#202504043700013703","0","3.57","0","0.01","29","5.86","38.44"
"03-Sep-25","OPT-NIFTY-09-Sep-2025-24650-P-E-I","NSE","Sell","375","94.8","35550","#202509033700015732","35.69","12.63","0","0.03","145","28.4","221.75"
"03-Sep-25","OPT-NIFTY-09-Sep-2025-24650-P-E-I","NSE","Buy","375","97.15","36431.25","#202509033700015506","0","12.95","3","0.04","145","28.44","189.43"
"03-Sep-25","OPT-NIFTY-09-Sep-2025-24650-P-E-I","NSE","Sell","300","94.32","28297.5","#202509033700014916","28.3","10.06","0","0.02","116","22.68","177.06"
"03-Sep-25","OPT-NIFTY-09-Sep-2025-24650-P-E-I","NSE","Buy","300","97.45","29235","#202509033700014826","0","10.38","0","0.02","116","22.76","149.16"
"03-Sep-25","OPT-NIFTY-09-Sep-2025-24650-P-E-I","NSE","Buy","75","102.65","7698.75","#202509033700014091","0","2.74","0","0.01","29","5.72","37.47"
"03-Sep-25","OPT-NIFTY-09-Sep-2025-24650-P-E-I","NSE","Buy","300","97.55","29265","#202509033700014568","0","10.4","0","0.04","116","22.72","149.16"
"03-Sep-25","OPT-NIFTY-09-Sep-2025-24650-P-E-I","NSE","Sell","150","97.57","14636.25","#202509033700014210","14.64","5.2","0","0.02","58","11.36","89.22"
"03-Sep-25","OPT-NIFTY-09-Sep-2025-24650-P-E-I","NSE","Buy","75","101.8","7635","#202509033700014113","0","2.71","0","0.01","29","5.7","37.42"
"03-Sep-25","OPT-NIFTY-09-Sep-2025-24650-P-E-I","NSE","Sell","300","94.6","28380","#202509033700014620","28.39","10.08","0","0.03","116","22.7","177.2"
"03-Feb-26","OPT-NIFTY-03-Feb-2026-25850-P-E-I","NSE","Buy","65","102.35","6652.75","#202602032700024018","0","2.36","0","0.01","29","5.64","37.01"
"03-Feb-26","OPT-NIFTY-03-Feb-2026-25850-P-E-I","NSE","Sell","195","109.9","21430.5","#202602032700041857","21","7.61","0","0.02","87","17.04","132.67"
"03-Feb-26","OPT-NIFTY-03-Feb-2026-25850-P-E-I","NSE","Buy","65","161.1","10471.5","#202602032700017343","0","3.72","0","0.01","29","5.9","38.63"
"03-Feb-26","OPT-NIFTY-03-Feb-2026-25850-P-E-I","NSE","Buy","65","149.3","9704.5","#202602032700004937","0","3.45","1","0.01","29","5.84","39.3"
"03-Dec-25","OPT-NIFTY-09-Dec-2025-25950-C-E-I","NSE","Sell","75","149.9","11242.5","#202512033700010578","11","3.99","0","0.01","29","5.94","49.94"
"03-Dec-25","OPT-NIFTY-09-Dec-2025-26000-P-E-I","NSE","Buy","75","123.6","9270","#202512033700016479","0","3.29","0.28","0.01","29","5.82","38.4"
"03-Dec-25","OPT-NIFTY-09-Dec-2025-25950-C-E-I","NSE","Buy","75","144","10800","#202512033700010533","0","3.84","0.72","0.01","29","5.92","39.49"
"03-Apr-25","OPT-SBIN-24-Apr-2025-770-P-E-S","NSE","Buy","750","10.45","7837.5","#202504033700010526","0","2.78","0.24","0.01","29","5.72","37.75"
"03-Apr-25","OPT-NIFTY-03-Apr-2025-23300-P-E-I","NSE","Sell","75","47.85","3588.75","#202504033700016758","3.65","1.28","0","0","29","5.46","39.39"
"03-Apr-25","OPT-NIFTY-03-Apr-2025-23300-P-E-I","NSE","Sell","75","44.45","3333.75","#202504033700018010","3.33","1.18","0","0","29","5.44","38.95"
"03-Apr-25","OPT-NIFTY-03-Apr-2025-23300-P-E-I","NSE","Buy","75","45","3375","#202504033700017781","0","1.2","0","0","29","5.44","35.64"
"03-Apr-25","OPT-NIFTY-03-Apr-2025-23300-P-E-I","NSE","Buy","75","49.05","3678.75","#202504033700015423","0","1.31","0","0","29","5.46","35.77"
"03-Apr-25","OPT-SBIN-24-Apr-2025-770-P-E-S","NSE","Sell","750","10.25","7687.5","#202504033700013624","7.69","2.73","0","0.01","29","5.72","45.15"
"03-Apr-25","OPT-NIFTY-03-Apr-2025-23300-P-E-I","NSE","Buy","300","37.5","11250","#202504033700014083","0","4","0.76","0.01","116","21.6","142.37"
"03-Apr-25","OPT-NIFTY-03-Apr-2025-23300-P-E-I","NSE","Sell","300","47.75","14325","#202504033700014502","14.33","5.09","0","0.01","116","21.8","157.23"
"02-Sep-25","OPT-NIFTY-02-Sep-2025-24700-P-E-I","NSE","Sell","750","40.25","30187.5","#202509023700019020","30","10.73","0","0.03","290","54.14","384.9"
"02-Sep-25","OPT-NIFTY-02-Sep-2025-24700-P-E-I","NSE","Buy","375","24.5","9187.5","#202509023700018665","0","3.26","0","0.01","145","26.7","174.97"
"02-Sep-25","OPT-NIFTY-02-Sep-2025-24700-P-E-I","NSE","Buy","375","24.25","9093.75","#202509023700018759","0","3.23","1","0.01","145","26.68","175.92"
"02-May-25","OPT-NIFTY-08-May-2025-24350-P-E-I","NSE","Buy","75","156.45","11733.75","#202505023700019157","0","4.17","0","0.01","29","5.98","39.16"
"02-May-25","OPT-NIFTY-08-May-2025-24300-P-E-I","NSE","Sell","150","209.15","31372.5","#202505023700017315","31.37","11.15","0","0.03","58","12.46","113.01"
"02-May-25","OPT-NIFTY-08-May-2025-24300-P-E-I","NSE","Buy","75","203","15225","#202505023700017303","0","5.41","0","0.02","29","6.2","40.63"
"02-May-25","OPT-NIFTY-08-May-2025-24350-P-E-I","NSE","Buy","150","204","30600","#202505023700014462","0","10.88","0","0.04","58","12.4","81.32"
"02-May-25","OPT-NIFTY-08-May-2025-24350-P-E-I","NSE","Sell","150","217.25","32587.5","#202505023700014773","32.58","11.58","0","0.04","58","12.52","114.72"
"02-May-25","OPT-NIFTY-08-May-2025-24450-C-E-I","NSE","Buy","150","208.77","31316.25","#202505023700002229","0","11.12","0.94","0.04","58","12.44","82.54"
"02-May-25","OPT-NIFTY-08-May-2025-24450-C-E-I","NSE","Sell","150","227.25","34087.5","#202505023700002386","34.55","12.11","0","0.03","58","12.62","117.31"
"02-May-25","OPT-NIFTY-08-May-2025-24450-P-E-I","NSE","Buy","75","151.25","11343.75","#202505023700008095","0","4.03","1.26","0.01","29","5.94","40.24"
"02-May-25","OPT-NIFTY-08-May-2025-24450-P-E-I","NSE","Sell","75","159.25","11943.75","#202505023700008123","11.94","4.24","0","0.01","29","5.98","51.17"
"02-May-25","OPT-NIFTY-08-May-2025-24500-P-E-I","NSE","Buy","75","202.1","15157.5","#202505023700010749","0","5.39","0.45","0.02","29","6.2","41.06"
"02-May-25","OPT-NIFTY-08-May-2025-24500-P-E-I","NSE","Sell","75","204.55","15341.25","#202505023700011205","15.34","5.45","0","0.02","29","6.2","56.01"
"02-May-25","OPT-NIFTY-08-May-2025-24450-P-E-I","NSE","Buy","150","203.3","30495","#202505023700011548","0","10.84","0","0.04","58","12.4","81.28"
"02-May-25","OPT-NIFTY-08-May-2025-24450-P-E-I","NSE","Sell","150","215.45","32317.5","#202505023700012079","32.32","11.48","0","0.04","58","12.52","114.36"
"02-May-25","OPT-NIFTY-08-May-2025-24350-P-E-I","NSE","Sell","75","146.9","11017.5","#202505023700019299","11.02","3.91","0","0.01","29","5.92","49.86"
"02-May-25","OPT-NIFTY-08-May-2025-24350-P-E-I","NSE","Buy","150","152.7","22905","#202505023700019371","0","8.14","2.44","0.02","58","11.92","80.52"
"02-May-25","OPT-NIFTY-08-May-2025-24350-P-E-I","NSE","Sell","150","145.8","21870","#202505023700019488","21.87","7.77","0","0.02","58","11.84","99.5"
"02-May-25","OPT-NIFTY-08-May-2025-24300-P-E-I","NSE","Buy","75","199.6","14970","#202505023700017225","0","5.32","0.91","0.01","29","6.18","41.42"
"02-Mar-26","OPT-NIFTY-02-Mar-2026-24800-P-E-I","NSE","Buy","910","61.05","55555.5","#202603022700010487","0","19.74","1.51","0.05","406","76.66","503.96"
"02-Mar-26","OPT-NIFTY-02-Mar-2026-24800-P-E-I","NSE","Sell","910","97","88270","#202603022700012542","88.28","31.36","0","0.08","406","78.76","604.48"
"02-Mar-26","OPT-NIFTY-02-Mar-2026-24850-C-E-I","NSE","Sell","910","39.9","36309","#202603022700010260","36.72","12.9","0","0.04","406","75.4","531.06"
"02-Mar-26","OPT-NIFTY-02-Mar-2026-24850-C-E-I","NSE","Buy","325","51.25","16656.25","#202603022700009926","0","5.92","0","0.02","145","27.16","178.1"
"02-Mar-26","OPT-NIFTY-02-Mar-2026-24850-C-E-I","NSE","Buy","260","54","14040","#202603022700009878","0","4.99","1.49","0.01","116","21.78","144.27"
"02-Mar-26","OPT-NIFTY-02-Mar-2026-24850-C-E-I","NSE","Buy","130","57.25","7442.5","#202603022700009786","0","2.64","0","0.01","58","10.92","71.57"
"02-Mar-26","OPT-NIFTY-02-Mar-2026-24850-C-E-I","NSE","Buy","130","58.75","7637.5","#202603022700009771","0","2.71","0","0.01","58","10.92","71.64"
"02-Mar-26","OPT-NIFTY-02-Mar-2026-24850-C-E-I","NSE","Buy","65","60.3","3919.5","#202603022700009762","0","1.39","0","0","29","5.48","35.87"
"02-Feb-26","OPT-NIFTY-03-Feb-2026-24750-C-E-I","NSE","Sell","65","209.9","13643.5","#202602022700010801","13.64","4.85","0","0.01","29","6.1","53.6"
"02-Feb-26","OPT-NIFTY-03-Feb-2026-25000-P-E-I","NSE","Buy","130","121.75","15827.5","#202602022700015225","0","5.62","0.47","0.02","58","11.46","75.57"
"02-Feb-26","OPT-NIFTY-03-Feb-2026-24900-P-E-I","NSE","Sell","65","196.9","12798.5","#202602022700004481","12.71","4.55","0","0.01","29","6.04","52.31"
"02-Feb-26","OPT-NIFTY-03-Feb-2026-24900-P-E-I","NSE","Buy","65","176.65","11482.25","#202602022700003161","0","4.08","0.34","0.01","29","5.96","39.39"
"02-Feb-26","OPT-NIFTY-03-Feb-2026-24750-C-E-I","NSE","Sell","65","114.15","7419.75","#202602022700008155","7.42","2.64","0","0.01","29","5.7","44.77"
"02-Feb-26","OPT-NIFTY-03-Feb-2026-24750-C-E-I","NSE","Buy","65","192.55","12515.75","#202602022700010309","0","4.45","0","0.01","29","6.02","39.48"
"02-Feb-26","OPT-NIFTY-03-Feb-2026-24750-C-E-I","NSE","Buy","65","116.4","7566","#202602022700007860","0","2.69","0.19","0.01","29","5.7","37.59"
"02-Feb-26","OPT-NIFTY-03-Feb-2026-25000-P-E-I","NSE","Sell","130","147.9","19227","#202602022700015491","19.22","6.84","0","0.02","58","11.68","95.76"
"02-Dec-25","OPT-NIFTY-02-Dec-2025-26050-P-E-I","NSE","Buy","75","34","2550","#202512023700015171","0","0.91","0","0","29","5.38","35.29"
"02-Dec-25","OPT-NIFTY-02-Dec-2025-26050-P-E-I","NSE","Sell","300","39.25","11775","#202512023700025744","12","4.18","0","0.01","116","21.64","153.83"
"02-Dec-25","OPT-NIFTY-02-Dec-2025-26050-P-E-I","NSE","Buy","225","30.1","6772.5","#202512023700015551","0","2.41","0","0.01","87","16.1","105.52"
"02-Apr-25","OPT-NIFTY-03-Apr-2025-23150-P-E-I","NSE","Sell","1500","29","43500","#202504023700014277","43.5","15.46","0","0.04","580","107.2","746.2"
"02-Apr-25","OPT-NIFTY-03-Apr-2025-23150-P-E-I","NSE","Buy","750","51.66","38745","#202504023700006643","0","13.77","0","0.04","290","54.68","358.49"
"02-Apr-25","OPT-NIFTY-03-Apr-2025-23150-P-E-I","NSE","Buy","750","56.7","42525","#202504023700005458","0","15.11","5.17","0.04","290","54.94","365.26"
"02-Apr-25","OPT-NIFTY-03-Apr-2025-23150-P-E-I","NSE","Sell","1200","60.09","72097.5","#202504023700004964","72.11","25.6","0","0.06","464","88.12","649.89"
"02-Apr-25","OPT-NIFTY-03-Apr-2025-23150-P-E-I","NSE","Buy","300","52.85","15855","#202504023700003256","0","5.64","0","0.01","116","21.9","143.55"
"02-Apr-25","OPT-NIFTY-03-Apr-2025-23150-P-E-I","NSE","Buy","300","58.1","17430","#202504023700002403","0","6.19","0","0.01","116","22","144.2"
"02-Apr-25","OPT-NIFTY-03-Apr-2025-23150-P-E-I","NSE","Buy","300","70.57","21168.75","#202504023700001891","0","7.52","0","0.03","116","22.24","145.79"
"02-Apr-25","OPT-NIFTY-03-Apr-2025-23250-C-E-I","NSE","Buy","300","92.45","27735","#202504023700000692","0","9.85","0.83","0.03","116","22.64","149.35"
"02-Apr-25","OPT-NIFTY-03-Apr-2025-22550-P-E-I","NSE","Sell","525","3.5","1837.5","#202504023700014292","1.87","0.65","0","0","203","36.66","242.18"
"02-Apr-25","OPT-NIFTY-03-Apr-2025-23150-P-E-I","NSE","Buy","300","88.15","26445","#202504023700001347","0","9.4","0","0.03","116","22.58","148.01"
"02-Apr-25","OPT-NIFTY-03-Apr-2025-23250-C-E-I","NSE","Sell","300","85.1","25530","#202504023700001224","25.53","9.08","0","0.03","116","22.54","173.18"
"01-Feb-26","OPT-NIFTY-03-Feb-2026-25300-C-E-I","NSE","Sell","130","80.85","10510.5","#202602012700037006","10.52","3.74","0","0.02","58","11.12","83.4"
"01-Feb-26","OPT-NIFTY-03-Feb-2026-25000-C-E-I","NSE","Buy","65","182.5","11862.5","#202602012700051727","0","4.21","0.36","0.01","29","5.98","39.56"
"01-Feb-26","OPT-NIFTY-03-Feb-2026-25300-C-E-I","NSE","Buy","130","67.15","8729.5","#202602012700036696","0","3.1","0.23","0.01","58","11","72.34"
"01-Feb-26","OPT-NIFTY-03-Feb-2026-25350-P-E-I","NSE","Sell","65","202","13130","#202602012700007743","13.13","4.67","0","0.01","29","6.06","52.87"
"01-Feb-26","OPT-NIFTY-03-Feb-2026-25350-P-E-I","NSE","Buy","65","208.65","13562.25","#202602012700006537","0","4.82","0.41","0.01","29","6.1","40.34"
"01-Feb-26","OPT-NIFTY-03-Feb-2026-25300-C-E-I","NSE","Sell","65","208","13520","#202602012700003044","13.54","4.8","0","0.01","29","6.08","53.43"
"01-Feb-26","OPT-NIFTY-03-Feb-2026-25300-C-E-I","NSE","Buy","65","203.65","13237.25","#202602012700001323","0","4.7","0","0.01","29","6.06","39.77"
"01-Feb-26","OPT-NIFTY-03-Feb-2026-25000-C-E-I","NSE","Sell","65","197.25","12821.25","#202602012700051991","12.82","4.56","0","0.01","29","6.04","52.43"
"01-Dec-25","OPT-NIFTY-02-Dec-2025-26250-P-E-I","NSE","Buy","75","52.95","3971.25","#202512013700002407","0","1.41","0.12","0","29","5.48","36.01"
"01-Dec-25","OPT-NIFTY-02-Dec-2025-26100-P-E-I","NSE","Buy","450","18.9","8505","#202512013700001235","0","3.02","0","0.01","174","31.88","208.91"
"01-Dec-25","OPT-NIFTY-02-Dec-2025-26100-P-E-I","NSE","Buy","900","16.25","14625","#202512013700004091","0","5.2","0.88","0.01","348","63.58","417.67"
"01-Dec-25","OPT-NIFTY-02-Dec-2025-26250-P-E-I","NSE","Sell","150","119.25","17887.5","#202512013700021299","17.89","6.36","0","0.02","58","11.58","93.85"
"01-Dec-25","OPT-NIFTY-02-Dec-2025-26100-P-E-I","NSE","Sell","1800","35","63000","#202512013700011531","63.12","22.38","0","0.06","696","129.32","910.88"
"01-Apr-25","OPT-NIFTY-03-Apr-2025-23500-P-E-I","NSE","Sell","450","136.3","61335","#202504013700006262","61.34","21.79","0","0.06","174","35.26","292.45"
"01-Apr-25","OPT-NIFTY-03-Apr-2025-23500-P-E-I","NSE","Buy","225","112.85","25391.25","#202504013700005299","0","9.02","0","0.03","87","17.28","113.33"
"01-Apr-25","OPT-NIFTY-03-Apr-2025-23500-P-E-I","NSE","Buy","225","104.6","23535","#202504013700004870","0","8.36","2.14","0.03","87","17.16","114.69"
"01-Apr-25","OPT-NIFTY-03-Apr-2025-23500-P-E-I","NSE","Sell","225","92.3","20767.5","#202504013700004775","20.76","7.38","0","0.03","87","16.98","132.15"
"01-Apr-25","OPT-NIFTY-03-Apr-2025-23500-P-E-I","NSE","Buy","225","95.3","21442.5","#202504013700004563","0","7.62","0","0.02","87","17.04","111.68"
"01-Apr-25","OPT-NIFTY-03-Apr-2025-23500-C-E-I","NSE","Buy","225","112.75","25368.75","#202504013700002731","0","9","0.76","0.03","87","17.28","114.07"
"01-Apr-25","OPT-NIFTY-03-Apr-2025-23500-C-E-I","NSE","Sell","225","143.25","32231.25","#202504013700003041","31.9","11.45","0","0.03","87","17.72","148.1"
"01-Apr-25","OPT-NIFTY-03-Apr-2025-22550-P-E-I","NSE","Buy","525","6.05","3176.25","#202504013700015773","0","1.12","0.1","0","203","36.7","240.92"

